path,block,run,test,iso_label,width,height,mean,p95,p99,saturation_pct,dark_pct,sharpness,bright_points,centroids,quality_score,solve_ok,solve_ra,solve_dec,solve_fov,solve_roll,solve_matches,solve_time_ms,solve_mode,solve_error
G:\Mi unidad\01. Personal\12. AI Projects\PiFinder_movile_sensors\Test cam\1\pifinder_camera_sweep_20260503_230553\pifinder_camera_sweep_20260503_230553_iso3200_001.jpg,1,pifinder_camera_sweep_20260503_230553,camera_sweep,iso3200,4080,3060,13.605762962962963,17.0,19.0,0.0,0.0,16.645844055639213,324,11,109.16458440556391,False,,,,,,,,
G:\Mi unidad\01. Personal\12. AI Projects\PiFinder_movile_sensors\Test cam\1\pifinder_camera_sweep_20260503_230553\pifinder_camera_sweep_20260503_230553_iso3200_002.jpg,1,pifinder_camera_sweep_20260503_230553,camera_sweep,iso3200,4080,3060,13.36451851851852,16.0,19.0,0.0,0.0,16.137997434634965,245,11,109.1137997434635,False,,,,,,,,
G:\Mi unidad\01. Personal\12. AI Projects\PiFinder_movile_sensors\Test cam\1\pifinder_camera_sweep_20260503_230553\pifinder_camera_sweep_20260503_230553_iso3200_003.jpg,1,pifinder_camera_sweep_20260503_230553,camera_sweep,iso3200,4080,3060,13.320577777777778,16.0,18.0,0.0,0.0,16.236061065322698,226,10,106.62360610653226,False,,,,,,,,
G:\Mi unidad\01. Personal\12. AI Projects\PiFinder_movile_sensors\Test cam\1\pifinder_camera_sweep_20260503_230553\pifinder_camera_sweep_20260503_230553_iso3200_004.jpg,1,pifinder_camera_sweep_20260503_230553,camera_sweep,iso3200,4080,3060,13.14958024691358,16.0,18.0,0.0,0.0001646090534979424,16.366484277396737,407,10,106.63664842773967,False,,,,,,,,
G:\Mi unidad\01. Personal\12. AI Projects\PiFinder_movile_sensors\Test cam\1\pifinder_camera_sweep_20260503_230553\pifinder_camera_sweep_20260503_230553_iso3200_005.jpg,1,pifinder_camera_sweep_20260503_230553,camera_sweep,iso3200,4080,3060,13.20270781893004,16.0,18.0,0.0,0.0,16.412385663320972,451,8,101.64123856633209,False,,,,,,,,
G:\Mi unidad\01. Personal\12. AI Projects\PiFinder_movile_sensors\Test cam\1\pifinder_camera_sweep_20260503_230553\pifinder_camera_sweep_20260503_230553_iso3200_006.jpg,1,pifinder_camera_sweep_20260503_230553,camera_sweep,iso3200,4080,3060,13.178877366255143,16.0,18.0,0.0,0.0,16.122009552159053,360,15,119.11220095521591,False,,,,,,,,
G:\Mi unidad\01. Personal\12. AI Projects\PiFinder_movile_sensors\Test cam\1\pifinder_camera_sweep_20260503_230555\pifinder_camera_sweep_20260503_230555_iso3200_001.jpg,1,pifinder_camera_sweep_20260503_230555,camera_sweep,iso3200,4080,3060,13.401446913580246,34.0,70.0,0.015637860082304528,0.0,25.60833620512862,0,48,122.48264432010134,False,,,,,,,,
G:\Mi unidad\01. Personal\12. AI Projects\PiFinder_movile_sensors\Test cam\1\pifinder_camera_sweep_20260503_230555\pifinder_camera_sweep_20260503_230555_iso3200_002.jpg,1,pifinder_camera_sweep_20260503_230555,camera_sweep,iso3200,4080,3060,54.79358683127572,183.0,230.0,0.48345679012345677,0.0,136.9673787180247,0,51,138.7794539211852,False,,,,,,,,
G:\Mi unidad\01. Personal\12. AI Projects\PiFinder_movile_sensors\Test cam\1\pifinder_camera_sweep_20260503_230555\pifinder_camera_sweep_20260503_230555_iso3200_003.jpg,1,pifinder_camera_sweep_20260503_230555,camera_sweep,iso3200,4080,3060,67.77761152263375,190.0,234.0,0.5902880658436214,0.0,90.29553703572017,0,38,101.07811337435392,False,,,,,,,,
G:\Mi unidad\01. Personal\12. AI Projects\PiFinder_movile_sensors\Test cam\1\pifinder_camera_sweep_20260503_230555\pifinder_camera_sweep_20260503_230555_iso3200_004.jpg,1,pifinder_camera_sweep_20260503_230555,camera_sweep,iso3200,4080,3060,84.78038847736626,192.0,241.0,0.6330864197530864,0.0,111.87392619651882,0,60,158.02196052088647,False,,,,,,,,
G:\Mi unidad\01. Personal\12. AI Projects\PiFinder_movile_sensors\Test cam\1\pifinder_camera_sweep_20260503_230555\pifinder_camera_sweep_20260503_230555_iso3200_005.jpg,1,pifinder_camera_sweep_20260503_230555,camera_sweep,iso3200,4080,3060,88.48316543209877,191.0,228.0,0.2154732510288066,0.0,123.5880784255083,0,66,161.2814415874068,False,,,,,,,,
G:\Mi unidad\01. Personal\12. AI Projects\PiFinder_movile_sensors\Test cam\1\pifinder_camera_sweep_20260503_230555\pifinder_camera_sweep_20260503_230555_iso3200_006.jpg,1,pifinder_camera_sweep_20260503_230555,camera_sweep,iso3200,4080,3060,86.7008098765432,192.0,234.0,0.23259259259259257,0.0,283.75416124078373,0,80,177.21245316111543,False,,,,,,,,
G:\Mi unidad\01. Personal\12. AI Projects\PiFinder_movile_sensors\Test cam\1\pifinder_camera_sweep_20260503_230603\pifinder_camera_sweep_20260503_230603_iso3200_001.jpg,1,pifinder_camera_sweep_20260503_230603,camera_sweep,iso3200,4080,3060,13.409776131687243,17.0,19.0,0.0,0.0,16.59280621956951,283,23,139.15928062195695,False,,,,,,,,
G:\Mi unidad\01. Personal\12. AI Projects\PiFinder_movile_sensors\Test cam\1\pifinder_camera_sweep_20260503_230603\pifinder_camera_sweep_20260503_230603_iso3200_002.jpg,1,pifinder_camera_sweep_20260503_230603,camera_sweep,iso3200,4080,3060,13.237318518518519,16.0,18.0,0.0,0.0,16.87766812046673,217,27,149.18776681204668,False,,,,,,,,
G:\Mi unidad\01. Personal\12. AI Projects\PiFinder_movile_sensors\Test cam\1\pifinder_camera_sweep_20260503_230603\pifinder_camera_sweep_20260503_230603_iso3200_003.jpg,1,pifinder_camera_sweep_20260503_230603,camera_sweep,iso3200,4080,3060,13.391060082304527,17.0,19.0,0.0,0.0,16.8698066977351,279,31,159.1869806697735,False,,,,,,,,
G:\Mi unidad\01. Personal\12. AI Projects\PiFinder_movile_sensors\Test cam\1\pifinder_camera_sweep_20260503_230603\pifinder_camera_sweep_20260503_230603_iso3200_004.jpg,1,pifinder_camera_sweep_20260503_230603,camera_sweep,iso3200,4080,3060,13.283894650205761,16.0,19.0,0.0,0.0,16.712943264068823,261,32,161.6712943264069,False,,,,,,,,
G:\Mi unidad\01. Personal\12. AI Projects\PiFinder_movile_sensors\Test cam\1\pifinder_camera_sweep_20260503_230603\pifinder_camera_sweep_20260503_230603_iso3200_005.jpg,1,pifinder_camera_sweep_20260503_230603,camera_sweep,iso3200,4080,3060,13.30401975308642,16.0,19.0,0.0,0.0,16.352624997243648,228,23,139.13526249972438,False,,,,,,,,
G:\Mi unidad\01. Personal\12. AI Projects\PiFinder_movile_sensors\Test cam\1\pifinder_camera_sweep_20260503_230603\pifinder_camera_sweep_20260503_230603_iso3200_006.jpg,1,pifinder_camera_sweep_20260503_230603,camera_sweep,iso3200,4080,3060,13.268558024691359,16.0,18.0,0.0,0.0,16.976581210327694,182,28,151.69765812103276,False,,,,,,,,
G:\Mi unidad\01. Personal\12. AI Projects\PiFinder_movile_sensors\Test cam\1\pifinder_camera_sweep_20260503_230605\pifinder_camera_sweep_20260503_230605_iso3200_001.jpg,1,pifinder_camera_sweep_20260503_230605,camera_sweep,iso3200,4080,3060,11.106133333333334,23.0,42.0,0.0,0.0,35.33470168574845,2,80,155.53347016857484,False,,,,,,,,
G:\Mi unidad\01. Personal\12. AI Projects\PiFinder_movile_sensors\Test cam\1\pifinder_camera_sweep_20260503_230605\pifinder_camera_sweep_20260503_230605_iso3200_002.jpg,1,pifinder_camera_sweep_20260503_230605,camera_sweep,iso3200,4080,3060,11.25162633744856,23.0,42.0,0.0,0.0,35.292570922755,2,80,155.5292570922755,False,,,,,,,,
G:\Mi unidad\01. Personal\12. AI Projects\PiFinder_movile_sensors\Test cam\1\pifinder_camera_sweep_20260503_230605\pifinder_camera_sweep_20260503_230605_iso3200_003.jpg,1,pifinder_camera_sweep_20260503_230605,camera_sweep,iso3200,4080,3060,11.543172016460906,23.0,43.0,0.0,0.0,31.013358632555335,1,80,154.10133586325554,False,,,,,,,,
G:\Mi unidad\01. Personal\12. AI Projects\PiFinder_movile_sensors\Test cam\1\pifinder_camera_sweep_20260503_230605\pifinder_camera_sweep_20260503_230605_iso3200_004.jpg,1,pifinder_camera_sweep_20260503_230605,camera_sweep,iso3200,4080,3060,11.536312757201646,23.0,43.0,0.0,0.0,36.72412129689986,2,80,155.67241212968997,False,,,,,,,,
G:\Mi unidad\01. Personal\12. AI Projects\PiFinder_movile_sensors\Test cam\1\pifinder_camera_sweep_20260503_230605\pifinder_camera_sweep_20260503_230605_iso3200_005.jpg,1,pifinder_camera_sweep_20260503_230605,camera_sweep,iso3200,4080,3060,11.48071769547325,23.0,43.0,0.0,0.0,30.519520426103067,1,80,154.0519520426103,False,,,,,,,,
G:\Mi unidad\01. Personal\12. AI Projects\PiFinder_movile_sensors\Test cam\1\pifinder_camera_sweep_20260503_230605\pifinder_camera_sweep_20260503_230605_iso3200_006.jpg,1,pifinder_camera_sweep_20260503_230605,camera_sweep,iso3200,4080,3060,11.469267489711934,23.0,43.0,0.0,0.0,38.508155020390525,3,80,156.85081550203904,False,,,,,,,,
G:\Mi unidad\01. Personal\12. AI Projects\PiFinder_movile_sensors\Test cam\1\pifinder_iso_sweep_20260503_230541\pifinder_iso_sweep_20260503_230541_iso1600_017.jpg,1,pifinder_iso_sweep_20260503_230541,iso_sweep,iso1600,4080,3060,7.8740296296296295,11.0,12.0,0.0,0.0004938271604938272,15.678240059966468,403,22,136.56782400599664,False,,,,,,,,
G:\Mi unidad\01. Personal\12. AI Projects\PiFinder_movile_sensors\Test cam\1\pifinder_iso_sweep_20260503_230541\pifinder_iso_sweep_20260503_230541_iso1600_018.jpg,1,pifinder_iso_sweep_20260503_230541,iso_sweep,iso1600,4080,3060,7.862582716049383,11.0,12.0,0.0,0.0004938271604938272,15.872960548477366,403,14,116.58729605484774,False,,,,,,,,
G:\Mi unidad\01. Personal\12. AI Projects\PiFinder_movile_sensors\Test cam\1\pifinder_iso_sweep_20260503_230541\pifinder_iso_sweep_20260503_230541_iso1600_019.jpg,1,pifinder_iso_sweep_20260503_230541,iso_sweep,iso1600,4080,3060,7.894595884773662,11.0,12.0,0.0,0.0006584362139917696,15.939492477366255,388,25,144.09394924773662,False,,,,,,,,
G:\Mi unidad\01. Personal\12. AI Projects\PiFinder_movile_sensors\Test cam\1\pifinder_iso_sweep_20260503_230541\pifinder_iso_sweep_20260503_230541_iso1600_020.jpg,1,pifinder_iso_sweep_20260503_230541,iso_sweep,iso1600,4080,3060,7.875557201646091,11.0,12.0,0.0,0.000823045267489712,15.839730359507527,383,19,129.08397303595075,False,,,,,,,,
G:\Mi unidad\01. Personal\12. AI Projects\PiFinder_movile_sensors\Test cam\1\pifinder_iso_sweep_20260503_230541\pifinder_iso_sweep_20260503_230541_iso1600_021.jpg,1,pifinder_iso_sweep_20260503_230541,iso_sweep,iso1600,4080,3060,7.82397037037037,10.0,12.0,0.0,0.0009876543209876543,15.992345443435791,370,15,119.09923454434357,False,,,,,,,,
G:\Mi unidad\01. Personal\12. AI Projects\PiFinder_movile_sensors\Test cam\1\pifinder_iso_sweep_20260503_230541\pifinder_iso_sweep_20260503_230541_iso1600_022.jpg,1,pifinder_iso_sweep_20260503_230541,iso_sweep,iso1600,4080,3060,7.840579423868313,10.0,12.0,0.0,0.000823045267489712,15.913872528480416,350,17,124.09138725284804,False,,,,,,,,
G:\Mi unidad\01. Personal\12. AI Projects\PiFinder_movile_sensors\Test cam\1\pifinder_iso_sweep_20260503_230541\pifinder_iso_sweep_20260503_230541_iso1600_023.jpg,1,pifinder_iso_sweep_20260503_230541,iso_sweep,iso1600,4080,3060,7.8500197530864195,10.0,12.0,0.0,0.0006584362139917696,16.11714516659994,361,20,131.61171451666,False,,,,,,,,
G:\Mi unidad\01. Personal\12. AI Projects\PiFinder_movile_sensors\Test cam\1\pifinder_iso_sweep_20260503_230541\pifinder_iso_sweep_20260503_230541_iso1600_024.jpg,1,pifinder_iso_sweep_20260503_230541,iso_sweep,iso1600,4080,3060,7.878205761316872,11.0,12.0,0.0,0.000823045267489712,16.0511139588369,396,19,129.10511139588368,False,,,,,,,,
G:\Mi unidad\01. Personal\12. AI Projects\PiFinder_movile_sensors\Test cam\1\pifinder_iso_sweep_20260503_230541\pifinder_iso_sweep_20260503_230541_iso3200_025.jpg,1,pifinder_iso_sweep_20260503_230541,iso_sweep,iso3200,4080,3060,13.12271440329218,16.0,18.0,0.0,0.0001646090534979424,16.60154048429203,386,8,101.6601540484292,False,,,,,,,,
G:\Mi unidad\01. Personal\12. AI Projects\PiFinder_movile_sensors\Test cam\1\pifinder_iso_sweep_20260503_230541\pifinder_iso_sweep_20260503_230541_iso3200_026.jpg,1,pifinder_iso_sweep_20260503_230541,iso_sweep,iso3200,4080,3060,13.054618930041153,16.0,18.0,0.0,0.0001646090534979424,16.036462055309997,371,11,109.10364620553099,False,,,,,,,,
G:\Mi unidad\01. Personal\12. AI Projects\PiFinder_movile_sensors\Test cam\1\pifinder_iso_sweep_20260503_230541\pifinder_iso_sweep_20260503_230541_iso3200_027.jpg,1,pifinder_iso_sweep_20260503_230541,iso_sweep,iso3200,4080,3060,13.05468806584362,16.0,18.0,0.0,0.0,16.044321236982167,308,11,109.10443212369822,False,,,,,,,,
G:\Mi unidad\01. Personal\12. AI Projects\PiFinder_movile_sensors\Test cam\1\pifinder_iso_sweep_20260503_230541\pifinder_iso_sweep_20260503_230541_iso3200_028.jpg,1,pifinder_iso_sweep_20260503_230541,iso_sweep,iso3200,4080,3060,13.098671604938271,16.0,18.0,0.0,0.0,16.2925843974489,373,12,111.62925843974489,False,,,,,,,,
G:\Mi unidad\01. Personal\12. AI Projects\PiFinder_movile_sensors\Test cam\1\pifinder_iso_sweep_20260503_230541\pifinder_iso_sweep_20260503_230541_iso3200_029.jpg,1,pifinder_iso_sweep_20260503_230541,iso_sweep,iso3200,4080,3060,13.045866666666667,16.0,18.0,0.0,0.0001646090534979424,16.21088586930583,399,12,111.62108858693058,False,,,,,,,,
G:\Mi unidad\01. Personal\12. AI Projects\PiFinder_movile_sensors\Test cam\1\pifinder_iso_sweep_20260503_230541\pifinder_iso_sweep_20260503_230541_iso3200_030.jpg,1,pifinder_iso_sweep_20260503_230541,iso_sweep,iso3200,4080,3060,13.103415637860083,16.0,18.0,0.0,0.0,16.246349739195583,360,12,111.62463497391956,False,,,,,,,,
G:\Mi unidad\01. Personal\12. AI Projects\PiFinder_movile_sensors\Test cam\1\pifinder_iso_sweep_20260503_230541\pifinder_iso_sweep_20260503_230541_iso3200_031.jpg,1,pifinder_iso_sweep_20260503_230541,iso_sweep,iso3200,4080,3060,13.071298765432099,16.0,18.0,0.0,0.0,16.31003065559518,349,6,96.63100306555951,False,,,,,,,,
G:\Mi unidad\01. Personal\12. AI Projects\PiFinder_movile_sensors\Test cam\1\pifinder_iso_sweep_20260503_230541\pifinder_iso_sweep_20260503_230541_iso3200_032.jpg,1,pifinder_iso_sweep_20260503_230541,iso_sweep,iso3200,4080,3060,13.057555555555556,16.0,18.0,0.0,0.0,16.528023970272823,383,8,101.65280239702729,False,,,,,,,,
G:\Mi unidad\01. Personal\12. AI Projects\PiFinder_movile_sensors\Test cam\1\pifinder_iso_sweep_20260503_230541\pifinder_iso_sweep_20260503_230541_iso400_001.jpg,1,pifinder_iso_sweep_20260503_230541,iso_sweep,iso400,4080,3060,2.2453975308641976,3.0,4.0,0.0,97.25267489711933,3.8144747889136146,442,80,208.5793075611959,False,,,,,,,,
G:\Mi unidad\01. Personal\12. AI Projects\PiFinder_movile_sensors\Test cam\1\pifinder_iso_sweep_20260503_230541\pifinder_iso_sweep_20260503_230541_iso400_002.jpg,1,pifinder_iso_sweep_20260503_230541,iso_sweep,iso400,4080,3060,2.353412345679012,3.0,4.0,0.0,96.14913580246913,3.9959898245971988,578,80,209.4802903404844,False,,,,,,,,
G:\Mi unidad\01. Personal\12. AI Projects\PiFinder_movile_sensors\Test cam\1\pifinder_iso_sweep_20260503_230541\pifinder_iso_sweep_20260503_230541_iso400_003.jpg,1,pifinder_iso_sweep_20260503_230541,iso_sweep,iso400,4080,3060,2.3656246913580246,3.0,4.0,0.0,95.61020576131686,3.9854823387058205,630,80,209.9103836248171,False,,,,,,,,
G:\Mi unidad\01. Personal\12. AI Projects\PiFinder_movile_sensors\Test cam\1\pifinder_iso_sweep_20260503_230541\pifinder_iso_sweep_20260503_230541_iso400_004.jpg,1,pifinder_iso_sweep_20260503_230541,iso_sweep,iso400,4080,3060,2.3248444444444445,3.0,4.0,0.0,96.03275720164609,4.052472695053939,609,80,209.5790415081885,False,,,,,,,,
G:\Mi unidad\01. Personal\12. AI Projects\PiFinder_movile_sensors\Test cam\1\pifinder_iso_sweep_20260503_230541\pifinder_iso_sweep_20260503_230541_iso400_005.jpg,1,pifinder_iso_sweep_20260503_230541,iso_sweep,iso400,4080,3060,2.3094683127572018,3.0,4.0,0.0,96.30880658436215,4.097828219638606,488,80,209.36273755447414,False,,,,,,,,
G:\Mi unidad\01. Personal\12. AI Projects\PiFinder_movile_sensors\Test cam\1\pifinder_iso_sweep_20260503_230541\pifinder_iso_sweep_20260503_230541_iso400_006.jpg,1,pifinder_iso_sweep_20260503_230541,iso_sweep,iso400,4080,3060,2.2879489711934156,3.0,4.0,0.0,96.56148148148148,4.061991615454284,553,80,209.15701397636025,False,,,,,,,,
G:\Mi unidad\01. Personal\12. AI Projects\PiFinder_movile_sensors\Test cam\1\pifinder_iso_sweep_20260503_230541\pifinder_iso_sweep_20260503_230541_iso400_007.jpg,1,pifinder_iso_sweep_20260503_230541,iso_sweep,iso400,4080,3060,2.301598353909465,3.0,4.0,0.0,96.46090534979423,3.92711524401768,527,80,209.2239872445664,False,,,,,,,,
G:\Mi unidad\01. Personal\12. AI Projects\PiFinder_movile_sensors\Test cam\1\pifinder_iso_sweep_20260503_230541\pifinder_iso_sweep_20260503_230541_iso400_008.jpg,1,pifinder_iso_sweep_20260503_230541,iso_sweep,iso400,4080,3060,2.297437037037037,3.0,4.0,0.0,96.32197530864197,4.108076459051974,568,80,209.35322739899163,False,,,,,,,,
G:\Mi unidad\01. Personal\12. AI Projects\PiFinder_movile_sensors\Test cam\1\pifinder_iso_sweep_20260503_230541\pifinder_iso_sweep_20260503_230541_iso800_009.jpg,1,pifinder_iso_sweep_20260503_230541,iso_sweep,iso800,4080,3060,4.003570370370371,6.0,7.0,0.0,32.40543209876543,7.51931824105404,559,44,190.7519318241054,False,,,,,,,,
G:\Mi unidad\01. Personal\12. AI Projects\PiFinder_movile_sensors\Test cam\1\pifinder_iso_sweep_20260503_230541\pifinder_iso_sweep_20260503_230541_iso800_010.jpg,1,pifinder_iso_sweep_20260503_230541,iso_sweep,iso800,4080,3060,3.9957794238683126,6.0,7.0,0.0,32.60576131687243,7.650802389836238,563,29,153.26508023898361,False,,,,,,,,
G:\Mi unidad\01. Personal\12. AI Projects\PiFinder_movile_sensors\Test cam\1\pifinder_iso_sweep_20260503_230541\pifinder_iso_sweep_20260503_230541_iso800_011.jpg,1,pifinder_iso_sweep_20260503_230541,iso_sweep,iso800,4080,3060,3.9989415637860084,6.0,7.0,0.0,32.419259259259256,7.570272773443073,555,33,163.25702727734432,False,,,,,,,,
G:\Mi unidad\01. Personal\12. AI Projects\PiFinder_movile_sensors\Test cam\1\pifinder_iso_sweep_20260503_230541\pifinder_iso_sweep_20260503_230541_iso800_012.jpg,1,pifinder_iso_sweep_20260503_230541,iso_sweep,iso800,4080,3060,4.003917695473251,6.0,7.0,0.0,32.37382716049383,7.3940021664963,553,36,170.73940021664964,False,,,,,,,,
G:\Mi unidad\01. Personal\12. AI Projects\PiFinder_movile_sensors\Test cam\1\pifinder_iso_sweep_20260503_230541\pifinder_iso_sweep_20260503_230541_iso800_013.jpg,1,pifinder_iso_sweep_20260503_230541,iso_sweep,iso800,4080,3060,4.009991769547325,6.0,7.0,0.0,32.24691358024691,7.432072045212619,545,35,168.24320720452127,False,,,,,,,,
G:\Mi unidad\01. Personal\12. AI Projects\PiFinder_movile_sensors\Test cam\1\pifinder_iso_sweep_20260503_230541\pifinder_iso_sweep_20260503_230541_iso800_014.jpg,1,pifinder_iso_sweep_20260503_230541,iso_sweep,iso800,4080,3060,3.9504362139917695,6.0,7.0,0.0,35.31012345679012,7.4977673793629025,511,38,175.7497767379363,False,,,,,,,,
G:\Mi unidad\01. Personal\12. AI Projects\PiFinder_movile_sensors\Test cam\1\pifinder_iso_sweep_20260503_230541\pifinder_iso_sweep_20260503_230541_iso800_015.jpg,1,pifinder_iso_sweep_20260503_230541,iso_sweep,iso800,4080,3060,3.9922946502057615,6.0,7.0,0.0,32.5840329218107,7.331055752612237,519,45,193.23310557526122,False,,,,,,,,
G:\Mi unidad\01. Personal\12. AI Projects\PiFinder_movile_sensors\Test cam\1\pifinder_iso_sweep_20260503_230541\pifinder_iso_sweep_20260503_230541_iso800_016.jpg,1,pifinder_iso_sweep_20260503_230541,iso_sweep,iso800,4080,3060,3.98441646090535,6.0,7.0,0.0,33.46024691358025,7.342565713630375,537,43,188.23425657136303,False,,,,,,,,
G:\Mi unidad\01. Personal\12. AI Projects\PiFinder_movile_sensors\Test cam\1\pifinder_manual_burst_20260503_230534\pifinder_manual_burst_20260503_230534_iso3200_001.jpg,1,pifinder_manual_burst_20260503_230534,manual_burst,iso3200,4080,3060,13.073320164609054,16.0,18.0,0.0,0.0,16.346225025588918,192,10,106.6346225025589,False,,,,,,,,
G:\Mi unidad\01. Personal\12. AI Projects\PiFinder_movile_sensors\Test cam\1\pifinder_manual_burst_20260503_230534\pifinder_manual_burst_20260503_230534_iso3200_002.jpg,1,pifinder_manual_burst_20260503_230534,manual_burst,iso3200,4080,3060,13.072182716049383,16.0,18.0,0.0,0.0,16.213303979813375,195,9,104.12133039798134,False,,,,,,,,
G:\Mi unidad\01. Personal\12. AI Projects\PiFinder_movile_sensors\Test cam\1\pifinder_manual_burst_20260503_230534\pifinder_manual_burst_20260503_230534_iso3200_003.jpg,1,pifinder_manual_burst_20260503_230534,manual_burst,iso3200,4080,3060,13.073721810699588,16.0,18.0,0.0,0.0,16.54566299653237,353,8,101.65456629965324,False,,,,,,,,
G:\Mi unidad\01. Personal\12. AI Projects\PiFinder_movile_sensors\Test cam\1\pifinder_manual_burst_20260503_230534\pifinder_manual_burst_20260503_230534_iso3200_004.jpg,1,pifinder_manual_burst_20260503_230534,manual_burst,iso3200,4080,3060,12.866077366255144,16.0,18.0,0.0,0.0,16.17503253410286,314,7,99.11750325341029,False,,,,,,,,
G:\Mi unidad\01. Personal\12. AI Projects\PiFinder_movile_sensors\Test cam\1\pifinder_manual_burst_20260503_230534\pifinder_manual_burst_20260503_230534_iso3200_005.jpg,1,pifinder_manual_burst_20260503_230534,manual_burst,iso3200,4080,3060,12.96474732510288,16.0,18.0,0.0,0.0,16.421798820258427,285,9,104.14217988202584,False,,,,,,,,
G:\Mi unidad\01. Personal\12. AI Projects\PiFinder_movile_sensors\Test cam\1\pifinder_manual_burst_20260503_230534\pifinder_manual_burst_20260503_230534_iso3200_006.jpg,1,pifinder_manual_burst_20260503_230534,manual_burst,iso3200,4080,3060,12.96919341563786,16.0,18.0,0.0,0.0,16.371559418649596,352,9,104.13715594186496,False,,,,,,,,
G:\Mi unidad\01. Personal\12. AI Projects\PiFinder_movile_sensors\Test cam\1\pifinder_manual_burst_20260503_230534\pifinder_manual_burst_20260503_230534_iso3200_007.jpg,1,pifinder_manual_burst_20260503_230534,manual_burst,iso3200,4080,3060,12.97889218106996,16.0,18.0,0.0,0.0001646090534979424,16.639527245169266,328,11,109.16395272451693,False,,,,,,,,
G:\Mi unidad\01. Personal\12. AI Projects\PiFinder_movile_sensors\Test cam\1\pifinder_manual_burst_20260503_230534\pifinder_manual_burst_20260503_230534_iso3200_008.jpg,1,pifinder_manual_burst_20260503_230534,manual_burst,iso3200,4080,3060,13.024763786008231,16.0,18.0,0.0,0.0001646090534979424,16.42854186291656,352,7,99.14285418629166,False,,,,,,,,
G:\Mi unidad\01. Personal\12. AI Projects\PiFinder_movile_sensors\Test cam\1\pifinder_manual_burst_20260503_230534\pifinder_manual_burst_20260503_230534_iso3200_009.jpg,1,pifinder_manual_burst_20260503_230534,manual_burst,iso3200,4080,3060,12.98754074074074,16.0,18.0,0.0,0.0,16.36781084685871,350,7,99.13678108468586,False,,,,,,,,
G:\Mi unidad\01. Personal\12. AI Projects\PiFinder_movile_sensors\Test cam\1\pifinder_manual_burst_20260503_230534\pifinder_manual_burst_20260503_230534_iso3200_010.jpg,1,pifinder_manual_burst_20260503_230534,manual_burst,iso3200,4080,3060,13.026661728395062,16.0,18.0,0.0,0.0,16.5383745109316,328,6,96.65383745109315,False,,,,,,,,
G:\Mi unidad\01. Personal\12. AI Projects\PiFinder_movile_sensors\Test cam\1\pifinder_manual_burst_20260503_230534\pifinder_manual_burst_20260503_230534_iso3200_011.jpg,1,pifinder_manual_burst_20260503_230534,manual_burst,iso3200,4080,3060,13.021868312757201,16.0,18.0,0.0,0.0,16.319935338905655,328,5,94.13199353389057,False,,,,,,,,
G:\Mi unidad\01. Personal\12. AI Projects\PiFinder_movile_sensors\Test cam\1\pifinder_manual_burst_20260503_230534\pifinder_manual_burst_20260503_230534_iso3200_012.jpg,1,pifinder_manual_burst_20260503_230534,manual_burst,iso3200,4080,3060,13.026161316872429,16.0,18.0,0.0,0.0,16.482554689492456,344,10,106.64825546894924,False,,,,,,,,
G:\Mi unidad\01. Personal\12. AI Projects\PiFinder_movile_sensors\Test cam\1\pifinder_manual_burst_20260503_230534\pifinder_manual_burst_20260503_230534_iso3200_013.jpg,1,pifinder_manual_burst_20260503_230534,manual_burst,iso3200,4080,3060,13.010172839506172,16.0,18.0,0.0,0.0,16.85039098559908,347,8,101.68503909855991,False,,,,,,,,
G:\Mi unidad\01. Personal\12. AI Projects\PiFinder_movile_sensors\Test cam\1\pifinder_manual_burst_20260503_230534\pifinder_manual_burst_20260503_230534_iso3200_014.jpg,1,pifinder_manual_burst_20260503_230534,manual_burst,iso3200,4080,3060,13.020785185185185,16.0,18.0,0.0,0.0,16.387033127703432,323,9,104.13870331277035,False,,,,,,,,
G:\Mi unidad\01. Personal\12. AI Projects\PiFinder_movile_sensors\Test cam\1\pifinder_manual_burst_20260503_230534\pifinder_manual_burst_20260503_230534_iso3200_015.jpg,1,pifinder_manual_burst_20260503_230534,manual_burst,iso3200,4080,3060,13.01764938271605,16.0,18.0,0.0,0.0,16.274512348553912,278,8,101.62745123485539,False,,,,,,,,
G:\Mi unidad\01. Personal\12. AI Projects\PiFinder_movile_sensors\Test cam\1\pifinder_manual_burst_20260503_230534\pifinder_manual_burst_20260503_230534_iso3200_016.jpg,1,pifinder_manual_burst_20260503_230534,manual_burst,iso3200,4080,3060,13.0808658436214,16.0,18.0,0.0,0.0,16.464007653131468,336,8,101.64640076531315,False,,,,,,,,
G:\Mi unidad\01. Personal\12. AI Projects\PiFinder_movile_sensors\Test cam\1\pifinder_manual_burst_20260503_230534\pifinder_manual_burst_20260503_230534_iso3200_017.jpg,1,pifinder_manual_burst_20260503_230534,manual_burst,iso3200,4080,3060,13.046289711934156,16.0,18.0,0.0,0.0,16.94263189020915,335,6,96.69426318902092,False,,,,,,,,
G:\Mi unidad\01. Personal\12. AI Projects\PiFinder_movile_sensors\Test cam\1\pifinder_manual_burst_20260503_230534\pifinder_manual_burst_20260503_230534_iso3200_018.jpg,1,pifinder_manual_burst_20260503_230534,manual_burst,iso3200,4080,3060,13.112531687242798,16.0,18.0,0.0,0.0001646090534979424,16.55559636851022,341,10,106.65555963685102,False,,,,,,,,
G:\Mi unidad\01. Personal\12. AI Projects\PiFinder_movile_sensors\Test cam\1\pifinder_manual_burst_20260503_230534\pifinder_manual_burst_20260503_230534_iso3200_019.jpg,1,pifinder_manual_burst_20260503_230534,manual_burst,iso3200,4080,3060,13.059812345679012,16.0,18.0,0.0,0.0003292181069958848,16.61753297360768,305,7,99.16175329736078,False,,,,,,,,
G:\Mi unidad\01. Personal\12. AI Projects\PiFinder_movile_sensors\Test cam\1\pifinder_manual_burst_20260503_230534\pifinder_manual_burst_20260503_230534_iso3200_020.jpg,1,pifinder_manual_burst_20260503_230534,manual_burst,iso3200,4080,3060,13.019185185185185,16.0,18.0,0.0,0.0,16.501375630885533,318,7,99.15013756308855,False,,,,,,,,
G:\Mi unidad\01. Personal\12. AI Projects\PiFinder_movile_sensors\Test cam\1\pifinder_manual_burst_20260503_230534\pifinder_manual_burst_20260503_230534_iso3200_021.jpg,1,pifinder_manual_burst_20260503_230534,manual_burst,iso3200,4080,3060,13.086582716049383,16.0,18.0,0.0,0.0,17.07604362776406,353,8,101.70760436277641,False,,,,,,,,
G:\Mi unidad\01. Personal\12. AI Projects\PiFinder_movile_sensors\Test cam\1\pifinder_manual_burst_20260503_230534\pifinder_manual_burst_20260503_230534_iso3200_022.jpg,1,pifinder_manual_burst_20260503_230534,manual_burst,iso3200,4080,3060,13.011776131687244,16.0,18.0,0.0,0.0001646090534979424,16.74683872660604,323,11,109.17468387266061,False,,,,,,,,
G:\Mi unidad\01. Personal\12. AI Projects\PiFinder_movile_sensors\Test cam\1\pifinder_manual_burst_20260503_230534\pifinder_manual_burst_20260503_230534_iso3200_023.jpg,1,pifinder_manual_burst_20260503_230534,manual_burst,iso3200,4080,3060,13.045813991769547,16.0,18.0,0.0,0.0,16.802330559341563,187,10,106.68023305593415,False,,,,,,,,
G:\Mi unidad\01. Personal\12. AI Projects\PiFinder_movile_sensors\Test cam\1\pifinder_manual_burst_20260503_230534\pifinder_manual_burst_20260503_230534_iso3200_024.jpg,1,pifinder_manual_burst_20260503_230534,manual_burst,iso3200,4080,3060,13.041413991769547,16.0,18.0,0.0,0.0,16.579935542668633,333,10,106.65799355426687,False,,,,,,,,
G:\Mi unidad\01. Personal\12. AI Projects\PiFinder_movile_sensors\Test cam\1\pifinder_manual_burst_20260503_230534\pifinder_manual_burst_20260503_230534_iso3200_025.jpg,1,pifinder_manual_burst_20260503_230534,manual_burst,iso3200,4080,3060,13.031218106995885,16.0,18.0,0.0,0.0,16.618561135704923,362,10,106.6618561135705,False,,,,,,,,
G:\Mi unidad\01. Personal\12. AI Projects\PiFinder_movile_sensors\Test cam\1\pifinder_manual_burst_20260503_230534\pifinder_manual_burst_20260503_230534_iso3200_026.jpg,1,pifinder_manual_burst_20260503_230534,manual_burst,iso3200,4080,3060,13.006083950617285,16.0,18.0,0.0,0.0,16.79932785943606,292,7,99.1799327859436,False,,,,,,,,
G:\Mi unidad\01. Personal\12. AI Projects\PiFinder_movile_sensors\Test cam\1\pifinder_manual_burst_20260503_230534\pifinder_manual_burst_20260503_230534_iso3200_027.jpg,1,pifinder_manual_burst_20260503_230534,manual_burst,iso3200,4080,3060,12.887083127572016,16.0,18.0,0.0,0.0,16.36659804968755,246,7,99.13665980496876,False,,,,,,,,
G:\Mi unidad\01. Personal\12. AI Projects\PiFinder_movile_sensors\Test cam\1\pifinder_manual_burst_20260503_230534\pifinder_manual_burst_20260503_230534_iso3200_028.jpg,1,pifinder_manual_burst_20260503_230534,manual_burst,iso3200,4080,3060,12.96967242798354,16.0,18.0,0.0,0.0,16.461281092126203,299,10,106.64612810921263,False,,,,,,,,
G:\Mi unidad\01. Personal\12. AI Projects\PiFinder_movile_sensors\Test cam\1\pifinder_manual_burst_20260503_230534\pifinder_manual_burst_20260503_230534_iso3200_029.jpg,1,pifinder_manual_burst_20260503_230534,manual_burst,iso3200,4080,3060,13.04637366255144,16.0,18.0,0.0,0.0,16.810143660442005,337,11,109.1810143660442,False,,,,,,,,
G:\Mi unidad\01. Personal\12. AI Projects\PiFinder_movile_sensors\Test cam\1\pifinder_manual_burst_20260503_230534\pifinder_manual_burst_20260503_230534_iso3200_030.jpg,1,pifinder_manual_burst_20260503_230534,manual_burst,iso3200,4080,3060,12.993809053497943,16.0,18.0,0.0,0.0,16.467304205188235,335,10,106.64673042051882,False,,,,,,,,
G:\Mi unidad\01. Personal\12. AI Projects\PiFinder_movile_sensors\Test cam\2\pifinder_camera_sweep_20260503_231203\pifinder_camera_sweep_20260503_231203_iso3200_001.jpg,2,pifinder_camera_sweep_20260503_231203,camera_sweep,iso3200,4080,3060,11.537860082304526,14.0,16.0,0.0,0.0,14.249175264865451,334,10,106.42491752648654,False,,,,,,,,
G:\Mi unidad\01. Personal\12. AI Projects\PiFinder_movile_sensors\Test cam\2\pifinder_camera_sweep_20260503_231203\pifinder_camera_sweep_20260503_231203_iso3200_002.jpg,2,pifinder_camera_sweep_20260503_231203,camera_sweep,iso3200,4080,3060,11.330480658436214,14.0,16.0,0.0,0.0,14.202537468627071,281,9,103.92025374686271,False,,,,,,,,
G:\Mi unidad\01. Personal\12. AI Projects\PiFinder_movile_sensors\Test cam\2\pifinder_camera_sweep_20260503_231203\pifinder_camera_sweep_20260503_231203_iso3200_003.jpg,2,pifinder_camera_sweep_20260503_231203,camera_sweep,iso3200,4080,3060,11.6959341563786,14.0,16.0,0.0,0.0,14.55894812701045,224,7,98.95589481270105,False,,,,,,,,
G:\Mi unidad\01. Personal\12. AI Projects\PiFinder_movile_sensors\Test cam\2\pifinder_camera_sweep_20260503_231203\pifinder_camera_sweep_20260503_231203_iso3200_004.jpg,2,pifinder_camera_sweep_20260503_231203,camera_sweep,iso3200,4080,3060,11.764319341563786,15.0,17.0,0.0,0.0,14.614159789202866,247,10,106.46141597892029,False,,,,,,,,
G:\Mi unidad\01. Personal\12. AI Projects\PiFinder_movile_sensors\Test cam\2\pifinder_camera_sweep_20260503_231203\pifinder_camera_sweep_20260503_231203_iso3200_005.jpg,2,pifinder_camera_sweep_20260503_231203,camera_sweep,iso3200,4080,3060,11.75994732510288,15.0,16.0,0.0,0.0,14.611548514991956,427,8,101.4611548514992,False,,,,,,,,
G:\Mi unidad\01. Personal\12. AI Projects\PiFinder_movile_sensors\Test cam\2\pifinder_camera_sweep_20260503_231203\pifinder_camera_sweep_20260503_231203_iso3200_006.jpg,2,pifinder_camera_sweep_20260503_231203,camera_sweep,iso3200,4080,3060,11.725066666666667,14.0,16.0,0.0,0.0,14.668200503733509,436,10,106.46682005037336,False,,,,,,,,
G:\Mi unidad\01. Personal\12. AI Projects\PiFinder_movile_sensors\Test cam\2\pifinder_camera_sweep_20260503_231205\pifinder_camera_sweep_20260503_231205_iso3200_001.jpg,2,pifinder_camera_sweep_20260503_231205,camera_sweep,iso3200,4080,3060,7.962454320987654,12.0,14.0,0.0,0.0001646090534979424,11.718022073380412,155,75,231.17180220733803,False,,,,,,5336.856399999988,free_fov,
G:\Mi unidad\01. Personal\12. AI Projects\PiFinder_movile_sensors\Test cam\2\pifinder_camera_sweep_20260503_231205\pifinder_camera_sweep_20260503_231205_iso3200_002.jpg,2,pifinder_camera_sweep_20260503_231205,camera_sweep,iso3200,4080,3060,7.837797530864197,12.0,14.0,0.0,0.0004938271604938272,11.668666188232825,113,71,231.1668666188233,False,,,,,,5375.001900000001,free_fov,
G:\Mi unidad\01. Personal\12. AI Projects\PiFinder_movile_sensors\Test cam\2\pifinder_camera_sweep_20260503_231205\pifinder_camera_sweep_20260503_231205_iso3200_003.jpg,2,pifinder_camera_sweep_20260503_231205,camera_sweep,iso3200,4080,3060,7.868488888888889,12.0,14.0,0.0,0.0001646090534979424,11.522267882698099,147,67,231.15222678826981,False,,,,,,5327.222699999993,free_fov,
G:\Mi unidad\01. Personal\12. AI Projects\PiFinder_movile_sensors\Test cam\2\pifinder_camera_sweep_20260503_231205\pifinder_camera_sweep_20260503_231205_iso3200_004.jpg,2,pifinder_camera_sweep_20260503_231205,camera_sweep,iso3200,4080,3060,7.785647736625514,12.0,14.0,0.0,0.0001646090534979424,11.277098819423868,300,67,231.1277098819424,False,,,,,,5323.523300000005,free_fov,
G:\Mi unidad\01. Personal\12. AI Projects\PiFinder_movile_sensors\Test cam\2\pifinder_camera_sweep_20260503_231205\pifinder_camera_sweep_20260503_231205_iso3200_005.jpg,2,pifinder_camera_sweep_20260503_231205,camera_sweep,iso3200,4080,3060,7.880902057613168,12.0,14.0,0.0,0.0,11.571688132570577,131,71,231.15716881325704,False,,,,,,5277.495700000003,free_fov,
G:\Mi unidad\01. Personal\12. AI Projects\PiFinder_movile_sensors\Test cam\2\pifinder_camera_sweep_20260503_231205\pifinder_camera_sweep_20260503_231205_iso3200_006.jpg,2,pifinder_camera_sweep_20260503_231205,camera_sweep,iso3200,4080,3060,7.927382716049383,12.0,14.0,0.0,0.0001646090534979424,11.623916017181662,132,75,231.16239160171816,False,,,,,,5337.506999999988,free_fov,
G:\Mi unidad\01. Personal\12. AI Projects\PiFinder_movile_sensors\Test cam\2\pifinder_iso_sweep_20260503_231151\pifinder_iso_sweep_20260503_231151_iso1600_017.jpg,2,pifinder_iso_sweep_20260503_231151,iso_sweep,iso1600,4080,3060,6.619379423868312,9.0,11.0,0.0,0.0024691358024691358,13.907315806205693,609,31,158.89073158062058,False,,,,,,,,
G:\Mi unidad\01. Personal\12. AI Projects\PiFinder_movile_sensors\Test cam\2\pifinder_iso_sweep_20260503_231151\pifinder_iso_sweep_20260503_231151_iso1600_018.jpg,2,pifinder_iso_sweep_20260503_231151,iso_sweep,iso1600,4080,3060,6.602072427983539,9.0,11.0,0.0,0.0014814814814814814,13.843511356883944,628,28,151.3843511356884,False,,,,,,,,
G:\Mi unidad\01. Personal\12. AI Projects\PiFinder_movile_sensors\Test cam\2\pifinder_iso_sweep_20260503_231151\pifinder_iso_sweep_20260503_231151_iso1600_019.jpg,2,pifinder_iso_sweep_20260503_231151,iso_sweep,iso1600,4080,3060,6.629015637860082,9.0,11.0,0.0,0.001646090534979424,13.874239932357195,651,29,153.88742399323573,False,,,,,,,,
G:\Mi unidad\01. Personal\12. AI Projects\PiFinder_movile_sensors\Test cam\2\pifinder_iso_sweep_20260503_231151\pifinder_iso_sweep_20260503_231151_iso1600_020.jpg,2,pifinder_iso_sweep_20260503_231151,iso_sweep,iso1600,4080,3060,6.61160658436214,9.0,11.0,0.0,0.0031275720164609055,13.451865185873428,681,29,153.84518651858735,False,,,,,,,,
G:\Mi unidad\01. Personal\12. AI Projects\PiFinder_movile_sensors\Test cam\2\pifinder_iso_sweep_20260503_231151\pifinder_iso_sweep_20260503_231151_iso1600_021.jpg,2,pifinder_iso_sweep_20260503_231151,iso_sweep,iso1600,4080,3060,6.6345777777777775,9.0,11.0,0.0,0.0013168724279835392,13.963886293224947,673,32,161.3963886293225,False,,,,,,,,
G:\Mi unidad\01. Personal\12. AI Projects\PiFinder_movile_sensors\Test cam\2\pifinder_iso_sweep_20260503_231151\pifinder_iso_sweep_20260503_231151_iso1600_022.jpg,2,pifinder_iso_sweep_20260503_231151,iso_sweep,iso1600,4080,3060,6.647013991769548,9.0,11.0,0.0,0.000823045267489712,13.813193717662278,622,27,148.88131937176624,False,,,,,,,,
G:\Mi unidad\01. Personal\12. AI Projects\PiFinder_movile_sensors\Test cam\2\pifinder_iso_sweep_20260503_231151\pifinder_iso_sweep_20260503_231151_iso1600_023.jpg,2,pifinder_iso_sweep_20260503_231151,iso_sweep,iso1600,4080,3060,6.64281646090535,9.0,11.0,0.0,0.001646090534979424,13.583423144834967,680,28,151.3583423144835,False,,,,,,,,
G:\Mi unidad\01. Personal\12. AI Projects\PiFinder_movile_sensors\Test cam\2\pifinder_iso_sweep_20260503_231151\pifinder_iso_sweep_20260503_231151_iso1600_024.jpg,2,pifinder_iso_sweep_20260503_231151,iso_sweep,iso1600,4080,3060,6.63560658436214,9.0,11.0,0.0,0.000823045267489712,13.90507785730766,696,34,166.39050778573076,False,,,,,,,,
G:\Mi unidad\01. Personal\12. AI Projects\PiFinder_movile_sensors\Test cam\2\pifinder_iso_sweep_20260503_231151\pifinder_iso_sweep_20260503_231151_iso3200_025.jpg,2,pifinder_iso_sweep_20260503_231151,iso_sweep,iso3200,4080,3060,11.542162962962964,14.0,16.0,0.0,0.0,14.657081664282885,427,13,113.96570816642829,False,,,,,,,,
G:\Mi unidad\01. Personal\12. AI Projects\PiFinder_movile_sensors\Test cam\2\pifinder_iso_sweep_20260503_231151\pifinder_iso_sweep_20260503_231151_iso3200_026.jpg,2,pifinder_iso_sweep_20260503_231151,iso_sweep,iso3200,4080,3060,11.529018930041152,14.0,16.0,0.0,0.0,14.442137303448998,431,10,106.4442137303449,False,,,,,,,,
G:\Mi unidad\01. Personal\12. AI Projects\PiFinder_movile_sensors\Test cam\2\pifinder_iso_sweep_20260503_231151\pifinder_iso_sweep_20260503_231151_iso3200_027.jpg,2,pifinder_iso_sweep_20260503_231151,iso_sweep,iso3200,4080,3060,11.505061728395061,14.0,16.0,0.0,0.0,14.63503693695473,358,9,103.96350369369547,False,,,,,,,,
G:\Mi unidad\01. Personal\12. AI Projects\PiFinder_movile_sensors\Test cam\2\pifinder_iso_sweep_20260503_231151\pifinder_iso_sweep_20260503_231151_iso3200_028.jpg,2,pifinder_iso_sweep_20260503_231151,iso_sweep,iso3200,4080,3060,11.492103703703703,14.0,16.0,0.0,0.0,15.051638844224964,391,11,109.0051638844225,False,,,,,,,,
G:\Mi unidad\01. Personal\12. AI Projects\PiFinder_movile_sensors\Test cam\2\pifinder_iso_sweep_20260503_231151\pifinder_iso_sweep_20260503_231151_iso3200_029.jpg,2,pifinder_iso_sweep_20260503_231151,iso_sweep,iso3200,4080,3060,11.456467489711935,14.0,16.0,0.0,0.0,14.55245293611475,326,10,106.45524529361147,False,,,,,,,,
G:\Mi unidad\01. Personal\12. AI Projects\PiFinder_movile_sensors\Test cam\2\pifinder_iso_sweep_20260503_231151\pifinder_iso_sweep_20260503_231151_iso3200_030.jpg,2,pifinder_iso_sweep_20260503_231151,iso_sweep,iso3200,4080,3060,11.455511111111111,14.0,16.0,0.0,0.0,14.560206369286524,385,10,106.45602063692866,False,,,,,,,,
G:\Mi unidad\01. Personal\12. AI Projects\PiFinder_movile_sensors\Test cam\2\pifinder_iso_sweep_20260503_231151\pifinder_iso_sweep_20260503_231151_iso3200_031.jpg,2,pifinder_iso_sweep_20260503_231151,iso_sweep,iso3200,4080,3060,11.463474897119342,14.0,16.0,0.0,0.0,14.677589675622617,370,14,116.46775896756226,False,,,,,,,,
G:\Mi unidad\01. Personal\12. AI Projects\PiFinder_movile_sensors\Test cam\2\pifinder_iso_sweep_20260503_231151\pifinder_iso_sweep_20260503_231151_iso3200_032.jpg,2,pifinder_iso_sweep_20260503_231151,iso_sweep,iso3200,4080,3060,11.492176131687243,14.0,16.0,0.0,0.0,14.689197024572813,416,12,111.46891970245728,False,,,,,,,,
G:\Mi unidad\01. Personal\12. AI Projects\PiFinder_movile_sensors\Test cam\2\pifinder_iso_sweep_20260503_231151\pifinder_iso_sweep_20260503_231151_iso400_001.jpg,2,pifinder_iso_sweep_20260503_231151,iso_sweep,iso400,4080,3060,1.7708213991769548,3.0,4.0,0.0,98.89185185185185,4.788388911714677,178,60,207.36535740968998,False,,,,,,,,
G:\Mi unidad\01. Personal\12. AI Projects\PiFinder_movile_sensors\Test cam\2\pifinder_iso_sweep_20260503_231151\pifinder_iso_sweep_20260503_231151_iso400_002.jpg,2,pifinder_iso_sweep_20260503_231151,iso_sweep,iso400,4080,3060,1.759917695473251,3.0,4.0,0.0,98.97744855967078,4.8069020812166166,142,80,207.29873136038503,False,,,,,,,,
G:\Mi unidad\01. Personal\12. AI Projects\PiFinder_movile_sensors\Test cam\2\pifinder_iso_sweep_20260503_231151\pifinder_iso_sweep_20260503_231151_iso400_003.jpg,2,pifinder_iso_sweep_20260503_231151,iso_sweep,iso400,4080,3060,1.7861102880658437,3.0,4.0,0.0,98.83720164609053,4.7894373133499295,190,63,207.40918241446258,False,,,,,,,,
G:\Mi unidad\01. Personal\12. AI Projects\PiFinder_movile_sensors\Test cam\2\pifinder_iso_sweep_20260503_231151\pifinder_iso_sweep_20260503_231151_iso400_004.jpg,2,pifinder_iso_sweep_20260503_231151,iso_sweep,iso400,4080,3060,1.752153086419753,3.0,3.0,0.0,99.05679012345679,4.783884179441481,172,67,207.23295631917873,False,,,,,,,,
G:\Mi unidad\01. Personal\12. AI Projects\PiFinder_movile_sensors\Test cam\2\pifinder_iso_sweep_20260503_231151\pifinder_iso_sweep_20260503_231151_iso400_005.jpg,2,pifinder_iso_sweep_20260503_231151,iso_sweep,iso400,4080,3060,1.7299028806584362,3.0,3.0,0.0,99.04016460905349,4.818760515284594,140,77,207.24974436428565,False,,,,,,,,
G:\Mi unidad\01. Personal\12. AI Projects\PiFinder_movile_sensors\Test cam\2\pifinder_iso_sweep_20260503_231151\pifinder_iso_sweep_20260503_231151_iso400_006.jpg,2,pifinder_iso_sweep_20260503_231151,iso_sweep,iso400,4080,3060,1.713680658436214,3.0,3.0,0.0,99.13399176954732,4.997294546292062,136,56,197.19253603899134,False,,,,,,,,
G:\Mi unidad\01. Personal\12. AI Projects\PiFinder_movile_sensors\Test cam\2\pifinder_iso_sweep_20260503_231151\pifinder_iso_sweep_20260503_231151_iso400_007.jpg,2,pifinder_iso_sweep_20260503_231151,iso_sweep,iso400,4080,3060,1.723845267489712,3.0,3.0,0.0,99.08526748971194,4.899832591167336,130,67,207.22176926734718,False,,,,,,,,
G:\Mi unidad\01. Personal\12. AI Projects\PiFinder_movile_sensors\Test cam\2\pifinder_iso_sweep_20260503_231151\pifinder_iso_sweep_20260503_231151_iso400_008.jpg,2,pifinder_iso_sweep_20260503_231151,iso_sweep,iso400,4080,3060,1.7110617283950618,3.0,3.0,0.0,99.11374485596708,4.903879708700232,140,80,207.19939208609634,False,,,,,,,,
G:\Mi unidad\01. Personal\12. AI Projects\PiFinder_movile_sensors\Test cam\2\pifinder_iso_sweep_20260503_231151\pifinder_iso_sweep_20260503_231151_iso800_009.jpg,2,pifinder_iso_sweep_20260503_231151,iso_sweep,iso800,4080,3060,3.2483506172839505,5.0,6.0,0.0,68.66930041152264,6.816758155701198,498,39,178.18167581557012,False,,,,,,,,
G:\Mi unidad\01. Personal\12. AI Projects\PiFinder_movile_sensors\Test cam\2\pifinder_iso_sweep_20260503_231151\pifinder_iso_sweep_20260503_231151_iso800_010.jpg,2,pifinder_iso_sweep_20260503_231151,iso_sweep,iso800,4080,3060,3.251030452674897,5.0,6.0,0.0,68.81810699588478,6.795995102564988,492,37,173.1795995102565,False,,,,,,,,
G:\Mi unidad\01. Personal\12. AI Projects\PiFinder_movile_sensors\Test cam\2\pifinder_iso_sweep_20260503_231151\pifinder_iso_sweep_20260503_231151_iso800_011.jpg,2,pifinder_iso_sweep_20260503_231151,iso_sweep,iso800,4080,3060,3.303708641975309,5.0,6.0,0.0,66.27325102880658,6.742532234246135,616,45,193.1742532234246,False,,,,,,,,
G:\Mi unidad\01. Personal\12. AI Projects\PiFinder_movile_sensors\Test cam\2\pifinder_iso_sweep_20260503_231151\pifinder_iso_sweep_20260503_231151_iso800_012.jpg,2,pifinder_iso_sweep_20260503_231151,iso_sweep,iso800,4080,3060,3.2767522633744854,5.0,6.0,0.0,67.34403292181071,6.625954383536385,561,43,188.16259543835363,False,,,,,,,,
G:\Mi unidad\01. Personal\12. AI Projects\PiFinder_movile_sensors\Test cam\2\pifinder_iso_sweep_20260503_231151\pifinder_iso_sweep_20260503_231151_iso800_013.jpg,2,pifinder_iso_sweep_20260503_231151,iso_sweep,iso800,4080,3060,3.2758008230452673,5.0,6.0,0.0,67.96592592592593,6.787336027337297,521,47,198.17873360273373,False,,,,,,,,
G:\Mi unidad\01. Personal\12. AI Projects\PiFinder_movile_sensors\Test cam\2\pifinder_iso_sweep_20260503_231151\pifinder_iso_sweep_20260503_231151_iso800_014.jpg,2,pifinder_iso_sweep_20260503_231151,iso_sweep,iso800,4080,3060,3.2924378600823045,5.0,6.0,0.0,67.01037037037038,7.006785572540771,573,36,170.70067855725407,False,,,,,,,,
G:\Mi unidad\01. Personal\12. AI Projects\PiFinder_movile_sensors\Test cam\2\pifinder_iso_sweep_20260503_231151\pifinder_iso_sweep_20260503_231151_iso800_015.jpg,2,pifinder_iso_sweep_20260503_231151,iso_sweep,iso800,4080,3060,3.283280658436214,5.0,6.0,0.0,67.18288065843622,6.73908910258531,536,46,195.67390891025852,False,,,,,,,,
G:\Mi unidad\01. Personal\12. AI Projects\PiFinder_movile_sensors\Test cam\2\pifinder_iso_sweep_20260503_231151\pifinder_iso_sweep_20260503_231151_iso800_016.jpg,2,pifinder_iso_sweep_20260503_231151,iso_sweep,iso800,4080,3060,3.2808888888888887,5.0,6.0,0.0,67.37547325102881,6.686651011261833,586,47,198.16866510112618,False,,,,,,,,
G:\Mi unidad\01. Personal\12. AI Projects\PiFinder_movile_sensors\Test cam\2\pifinder_manual_burst_20260503_231143\pifinder_manual_burst_20260503_231143_iso3200_001.jpg,2,pifinder_manual_burst_20260503_231143,manual_burst,iso3200,4080,3060,11.410452674897119,14.0,16.0,0.0,0.0001646090534979424,14.015104305416857,317,15,118.90151043054169,False,,,,,,,,
G:\Mi unidad\01. Personal\12. AI Projects\PiFinder_movile_sensors\Test cam\2\pifinder_manual_burst_20260503_231143\pifinder_manual_burst_20260503_231143_iso3200_002.jpg,2,pifinder_manual_burst_20260503_231143,manual_burst,iso3200,4080,3060,11.973738271604939,15.0,17.0,0.0,0.0,14.754431222676759,324,10,106.47544312226768,False,,,,,,,,
G:\Mi unidad\01. Personal\12. AI Projects\PiFinder_movile_sensors\Test cam\2\pifinder_manual_burst_20260503_231143\pifinder_manual_burst_20260503_231143_iso3200_003.jpg,2,pifinder_manual_burst_20260503_231143,manual_burst,iso3200,4080,3060,11.719246090534979,14.0,16.0,0.0,0.0,14.519508413936899,447,14,116.4519508413937,False,,,,,,,,
G:\Mi unidad\01. Personal\12. AI Projects\PiFinder_movile_sensors\Test cam\2\pifinder_manual_burst_20260503_231143\pifinder_manual_burst_20260503_231143_iso3200_004.jpg,2,pifinder_manual_burst_20260503_231143,manual_burst,iso3200,4080,3060,11.697731687242799,15.0,16.0,0.0,0.0,14.526217448475672,469,13,113.95262174484756,False,,,,,,,,
G:\Mi unidad\01. Personal\12. AI Projects\PiFinder_movile_sensors\Test cam\2\pifinder_manual_burst_20260503_231143\pifinder_manual_burst_20260503_231143_iso3200_005.jpg,2,pifinder_manual_burst_20260503_231143,manual_burst,iso3200,4080,3060,11.694669958847737,14.0,16.0,0.0,0.0,14.41289800033464,418,12,111.44128980003346,False,,,,,,,,
G:\Mi unidad\01. Personal\12. AI Projects\PiFinder_movile_sensors\Test cam\2\pifinder_manual_burst_20260503_231143\pifinder_manual_burst_20260503_231143_iso3200_006.jpg,2,pifinder_manual_burst_20260503_231143,manual_burst,iso3200,4080,3060,11.724177777777777,15.0,17.0,0.0,0.0,14.491879268257888,224,14,116.44918792682579,False,,,,,,,,
G:\Mi unidad\01. Personal\12. AI Projects\PiFinder_movile_sensors\Test cam\2\pifinder_manual_burst_20260503_231143\pifinder_manual_burst_20260503_231143_iso3200_007.jpg,2,pifinder_manual_burst_20260503_231143,manual_burst,iso3200,4080,3060,11.689792592592593,14.0,16.0,0.0,0.0,14.517708494962488,406,13,113.95177084949624,False,,,,,,,,
G:\Mi unidad\01. Personal\12. AI Projects\PiFinder_movile_sensors\Test cam\2\pifinder_manual_burst_20260503_231143\pifinder_manual_burst_20260503_231143_iso3200_008.jpg,2,pifinder_manual_burst_20260503_231143,manual_burst,iso3200,4080,3060,11.709022222222222,14.0,16.0,0.0,0.0,14.812749159901776,456,11,108.98127491599018,False,,,,,,,,
G:\Mi unidad\01. Personal\12. AI Projects\PiFinder_movile_sensors\Test cam\2\pifinder_manual_burst_20260503_231143\pifinder_manual_burst_20260503_231143_iso3200_009.jpg,2,pifinder_manual_burst_20260503_231143,manual_burst,iso3200,4080,3060,11.689032098765432,14.0,16.0,0.0,0.0,14.205405753022745,406,11,108.92054057530227,False,,,,,,,,
G:\Mi unidad\01. Personal\12. AI Projects\PiFinder_movile_sensors\Test cam\2\pifinder_manual_burst_20260503_231143\pifinder_manual_burst_20260503_231143_iso3200_010.jpg,2,pifinder_manual_burst_20260503_231143,manual_burst,iso3200,4080,3060,11.69881646090535,14.0,16.0,0.0,0.0,14.781437238824704,418,9,103.97814372388247,False,,,,,,,,
G:\Mi unidad\01. Personal\12. AI Projects\PiFinder_movile_sensors\Test cam\2\pifinder_manual_burst_20260503_231143\pifinder_manual_burst_20260503_231143_iso3200_011.jpg,2,pifinder_manual_burst_20260503_231143,manual_burst,iso3200,4080,3060,11.679367901234567,14.0,16.0,0.0,0.0,14.61383179893038,432,11,108.96138317989303,False,,,,,,,,
G:\Mi unidad\01. Personal\12. AI Projects\PiFinder_movile_sensors\Test cam\2\pifinder_manual_burst_20260503_231143\pifinder_manual_burst_20260503_231143_iso3200_012.jpg,2,pifinder_manual_burst_20260503_231143,manual_burst,iso3200,4080,3060,11.684720987654321,15.0,16.0,0.0,0.0,14.513170175917628,463,13,113.95131701759176,False,,,,,,,,
G:\Mi unidad\01. Personal\12. AI Projects\PiFinder_movile_sensors\Test cam\2\pifinder_manual_burst_20260503_231143\pifinder_manual_burst_20260503_231143_iso3200_013.jpg,2,pifinder_manual_burst_20260503_231143,manual_burst,iso3200,4080,3060,11.739435390946502,15.0,16.0,0.0,0.0,14.800793488699894,239,12,111.48007934886999,False,,,,,,,,
G:\Mi unidad\01. Personal\12. AI Projects\PiFinder_movile_sensors\Test cam\2\pifinder_manual_burst_20260503_231143\pifinder_manual_burst_20260503_231143_iso3200_014.jpg,2,pifinder_manual_burst_20260503_231143,manual_burst,iso3200,4080,3060,11.65564609053498,14.0,16.0,0.0,0.0,14.919742955270369,425,13,113.99197429552704,False,,,,,,,,
G:\Mi unidad\01. Personal\12. AI Projects\PiFinder_movile_sensors\Test cam\2\pifinder_manual_burst_20260503_231143\pifinder_manual_burst_20260503_231143_iso3200_015.jpg,2,pifinder_manual_burst_20260503_231143,manual_burst,iso3200,4080,3060,11.688161316872428,14.0,16.0,0.0,0.0003292181069958848,14.39463529525377,433,12,111.43946352952538,False,,,,,,,,
G:\Mi unidad\01. Personal\12. AI Projects\PiFinder_movile_sensors\Test cam\2\pifinder_manual_burst_20260503_231143\pifinder_manual_burst_20260503_231143_iso3200_016.jpg,2,pifinder_manual_burst_20260503_231143,manual_burst,iso3200,4080,3060,11.641048559670782,14.0,16.0,0.0,0.0,14.198749066818404,425,15,118.91987490668184,False,,,,,,,,
G:\Mi unidad\01. Personal\12. AI Projects\PiFinder_movile_sensors\Test cam\2\pifinder_manual_burst_20260503_231143\pifinder_manual_burst_20260503_231143_iso3200_017.jpg,2,pifinder_manual_burst_20260503_231143,manual_burst,iso3200,4080,3060,11.673906172839507,14.0,16.0,0.0,0.0,14.64970309939474,449,10,106.46497030993947,False,,,,,,,,
G:\Mi unidad\01. Personal\12. AI Projects\PiFinder_movile_sensors\Test cam\2\pifinder_manual_burst_20260503_231143\pifinder_manual_burst_20260503_231143_iso3200_018.jpg,2,pifinder_manual_burst_20260503_231143,manual_burst,iso3200,4080,3060,11.645942386831276,14.0,16.0,0.0,0.0,14.325739144371624,343,9,103.93257391443716,False,,,,,,,,
G:\Mi unidad\01. Personal\12. AI Projects\PiFinder_movile_sensors\Test cam\2\pifinder_manual_burst_20260503_231143\pifinder_manual_burst_20260503_231143_iso3200_019.jpg,2,pifinder_manual_burst_20260503_231143,manual_burst,iso3200,4080,3060,11.694877366255144,14.0,16.0,0.0,0.0,14.635286561793764,461,11,108.96352865617938,False,,,,,,,,
G:\Mi unidad\01. Personal\12. AI Projects\PiFinder_movile_sensors\Test cam\2\pifinder_manual_burst_20260503_231143\pifinder_manual_burst_20260503_231143_iso3200_020.jpg,2,pifinder_manual_burst_20260503_231143,manual_burst,iso3200,4080,3060,11.638263374485597,14.0,16.0,0.0,0.0,14.463100616114753,388,12,111.44631006161147,False,,,,,,,,
G:\Mi unidad\01. Personal\12. AI Projects\PiFinder_movile_sensors\Test cam\2\pifinder_manual_burst_20260503_231143\pifinder_manual_burst_20260503_231143_iso3200_021.jpg,2,pifinder_manual_burst_20260503_231143,manual_burst,iso3200,4080,3060,11.671389300411523,14.0,16.0,0.0,0.0,14.331490457175567,410,12,111.43314904571756,False,,,,,,,,
G:\Mi unidad\01. Personal\12. AI Projects\PiFinder_movile_sensors\Test cam\2\pifinder_manual_burst_20260503_231143\pifinder_manual_burst_20260503_231143_iso3200_022.jpg,2,pifinder_manual_burst_20260503_231143,manual_burst,iso3200,4080,3060,11.69201316872428,14.0,16.0,0.0,0.0001646090534979424,14.729807768479738,439,7,98.97298077684798,False,,,,,,,,
G:\Mi unidad\01. Personal\12. AI Projects\PiFinder_movile_sensors\Test cam\2\pifinder_manual_burst_20260503_231143\pifinder_manual_burst_20260503_231143_iso3200_023.jpg,2,pifinder_manual_burst_20260503_231143,manual_burst,iso3200,4080,3060,11.685056790123458,14.0,16.0,0.0,0.0,14.535771865375537,409,16,121.45357718653756,False,,,,,,,,
G:\Mi unidad\01. Personal\12. AI Projects\PiFinder_movile_sensors\Test cam\2\pifinder_manual_burst_20260503_231143\pifinder_manual_burst_20260503_231143_iso3200_024.jpg,2,pifinder_manual_burst_20260503_231143,manual_burst,iso3200,4080,3060,11.64468806584362,14.0,16.0,0.0,0.0001646090534979424,14.43616648502498,434,14,116.4436166485025,False,,,,,,,,
G:\Mi unidad\01. Personal\12. AI Projects\PiFinder_movile_sensors\Test cam\2\pifinder_manual_burst_20260503_231143\pifinder_manual_burst_20260503_231143_iso3200_025.jpg,2,pifinder_manual_burst_20260503_231143,manual_burst,iso3200,4080,3060,11.659744855967078,14.0,16.0,0.0,0.0,14.3642127925594,426,12,111.43642127925594,False,,,,,,,,
G:\Mi unidad\01. Personal\12. AI Projects\PiFinder_movile_sensors\Test cam\2\pifinder_manual_burst_20260503_231143\pifinder_manual_burst_20260503_231143_iso3200_026.jpg,2,pifinder_manual_burst_20260503_231143,manual_burst,iso3200,4080,3060,11.687168724279836,14.0,16.0,0.0,0.0,14.319021961600704,419,16,121.43190219616007,False,,,,,,,,
G:\Mi unidad\01. Personal\12. AI Projects\PiFinder_movile_sensors\Test cam\2\pifinder_manual_burst_20260503_231143\pifinder_manual_burst_20260503_231143_iso3200_027.jpg,2,pifinder_manual_burst_20260503_231143,manual_burst,iso3200,4080,3060,11.713279012345678,15.0,16.0,0.0,0.0,14.356839253016307,454,12,111.43568392530163,False,,,,,,,,
G:\Mi unidad\01. Personal\12. AI Projects\PiFinder_movile_sensors\Test cam\2\pifinder_manual_burst_20260503_231143\pifinder_manual_burst_20260503_231143_iso3200_028.jpg,2,pifinder_manual_burst_20260503_231143,manual_burst,iso3200,4080,3060,11.639135802469136,14.0,16.0,0.0,0.0,14.597813657064473,402,11,108.95978136570645,False,,,,,,,,
G:\Mi unidad\01. Personal\12. AI Projects\PiFinder_movile_sensors\Test cam\2\pifinder_manual_burst_20260503_231143\pifinder_manual_burst_20260503_231143_iso3200_029.jpg,2,pifinder_manual_burst_20260503_231143,manual_burst,iso3200,4080,3060,11.641654320987655,14.0,16.0,0.0,0.0,14.557260362007147,404,9,103.95572603620072,False,,,,,,,,
G:\Mi unidad\01. Personal\12. AI Projects\PiFinder_movile_sensors\Test cam\2\pifinder_manual_burst_20260503_231143\pifinder_manual_burst_20260503_231143_iso3200_030.jpg,2,pifinder_manual_burst_20260503_231143,manual_burst,iso3200,4080,3060,11.655316872427983,14.0,16.0,0.0,0.0,14.629519991340075,392,13,113.962951999134,False,,,,,,,,
G:\Mi unidad\01. Personal\12. AI Projects\PiFinder_movile_sensors\Test cam\3\pifinder_camera_sweep_20260503_231302\pifinder_camera_sweep_20260503_231302_iso3200_001.jpg,3,pifinder_camera_sweep_20260503_231302,camera_sweep,iso3200,4080,3060,12.21205596707819,15.0,16.0,0.0001646090534979424,0.0001646090534979424,16.03391273525377,193,7,99.10256822825788,False,,,,,,,,
G:\Mi unidad\01. Personal\12. AI Projects\PiFinder_movile_sensors\Test cam\3\pifinder_camera_sweep_20260503_231302\pifinder_camera_sweep_20260503_231302_iso3200_002.jpg,3,pifinder_camera_sweep_20260503_231302,camera_sweep,iso3200,4080,3060,12.308765432098765,15.0,17.0,0.0003292181069958848,0.0,15.729719883998714,219,9,104.0713258978649,False,,,,,,,,
G:\Mi unidad\01. Personal\12. AI Projects\PiFinder_movile_sensors\Test cam\3\pifinder_camera_sweep_20260503_231302\pifinder_camera_sweep_20260503_231302_iso3200_003.jpg,3,pifinder_camera_sweep_20260503_231302,camera_sweep,iso3200,4080,3060,12.29364609053498,15.0,17.0,0.0001646090534979424,0.0003292181069958848,15.980681915721519,218,8,101.59724514630466,False,,,,,,,,
G:\Mi unidad\01. Personal\12. AI Projects\PiFinder_movile_sensors\Test cam\3\pifinder_camera_sweep_20260503_231302\pifinder_camera_sweep_20260503_231302_iso3200_004.jpg,3,pifinder_camera_sweep_20260503_231302,camera_sweep,iso3200,4080,3060,12.150368724279835,15.0,16.0,0.0001646090534979424,0.0001646090534979424,15.98974343532727,221,8,101.59815129826524,False,,,,,,,,
G:\Mi unidad\01. Personal\12. AI Projects\PiFinder_movile_sensors\Test cam\3\pifinder_camera_sweep_20260503_231302\pifinder_camera_sweep_20260503_231302_iso3200_005.jpg,3,pifinder_camera_sweep_20260503_231302,camera_sweep,iso3200,4080,3060,12.05408888888889,15.0,16.0,0.0,0.0003292181069958848,15.79320404977832,179,9,104.07932040497784,False,,,,,,,,
G:\Mi unidad\01. Personal\12. AI Projects\PiFinder_movile_sensors\Test cam\3\pifinder_camera_sweep_20260503_231302\pifinder_camera_sweep_20260503_231302_iso3200_006.jpg,3,pifinder_camera_sweep_20260503_231302,camera_sweep,iso3200,4080,3060,12.105032098765433,15.0,16.0,0.0003292181069958848,0.0,15.81005759999729,195,7,99.07935966946475,False,,,,,,,,
G:\Mi unidad\01. Personal\12. AI Projects\PiFinder_movile_sensors\Test cam\3\pifinder_camera_sweep_20260503_231304\pifinder_camera_sweep_20260503_231304_iso3200_001.jpg,3,pifinder_camera_sweep_20260503_231304,camera_sweep,iso3200,4080,3060,9.726905349794238,13.0,55.0,0.029300411522633744,0.0,99.32761086910465,48,44,167.7862590292973,False,,,,,,,,
G:\Mi unidad\01. Personal\12. AI Projects\PiFinder_movile_sensors\Test cam\3\pifinder_camera_sweep_20260503_231304\pifinder_camera_sweep_20260503_231304_iso3200_002.jpg,3,pifinder_camera_sweep_20260503_231304,camera_sweep,iso3200,4080,3060,9.678961316872428,13.0,55.0,0.028641975308641977,0.0001646090534979424,99.33206139372793,49,44,168.7899962628296,False,,,,,,,,
G:\Mi unidad\01. Personal\12. AI Projects\PiFinder_movile_sensors\Test cam\3\pifinder_camera_sweep_20260503_231304\pifinder_camera_sweep_20260503_231304_iso3200_003.jpg,3,pifinder_camera_sweep_20260503_231304,camera_sweep,iso3200,4080,3060,9.680653497942387,13.0,55.0,0.029958847736625514,0.0001646090534979424,99.61457575697742,50,40,159.81166333701464,False,,,,,,,,
G:\Mi unidad\01. Personal\12. AI Projects\PiFinder_movile_sensors\Test cam\3\pifinder_camera_sweep_20260503_231304\pifinder_camera_sweep_20260503_231304_iso3200_004.jpg,3,pifinder_camera_sweep_20260503_231304,camera_sweep,iso3200,4080,3060,9.726182716049383,13.0,55.0,0.029958847736625514,0.0001646090534979424,101.1168826141679,49,42,163.96189402273367,False,,,,,,,,
G:\Mi unidad\01. Personal\12. AI Projects\PiFinder_movile_sensors\Test cam\3\pifinder_camera_sweep_20260503_231304\pifinder_camera_sweep_20260503_231304_iso3200_005.jpg,3,pifinder_camera_sweep_20260503_231304,camera_sweep,iso3200,4080,3060,9.789502880658436,13.0,55.0,0.027160493827160494,0.0,100.84887314009991,47,43,164.4490848448742,False,,,,,,,,
G:\Mi unidad\01. Personal\12. AI Projects\PiFinder_movile_sensors\Test cam\3\pifinder_camera_sweep_20260503_231304\pifinder_camera_sweep_20260503_231304_iso3200_006.jpg,3,pifinder_camera_sweep_20260503_231304,camera_sweep,iso3200,4080,3060,9.815292181069958,13.0,56.0,0.03176954732510288,0.0,94.54304062835678,43,41,154.79545632621017,False,,,,,,,,
G:\Mi unidad\01. Personal\12. AI Projects\PiFinder_movile_sensors\Test cam\3\pifinder_iso_sweep_20260503_231251\pifinder_iso_sweep_20260503_231251_iso1600_017.jpg,3,pifinder_iso_sweep_20260503_231251,iso_sweep,iso1600,4080,3060,7.153017283950617,9.0,11.0,0.0003292181069958848,0.001646090534979424,14.99319343937137,294,19,128.99767325340216,False,,,,,,,,
G:\Mi unidad\01. Personal\12. AI Projects\PiFinder_movile_sensors\Test cam\3\pifinder_iso_sweep_20260503_231251\pifinder_iso_sweep_20260503_231251_iso1600_018.jpg,3,pifinder_iso_sweep_20260503_231251,iso_sweep,iso1600,4080,3060,7.078324279835391,9.0,11.0,0.0001646090534979424,0.0009876543209876543,15.001276339254519,231,14,116.49930458865796,False,,,,,,,,
G:\Mi unidad\01. Personal\12. AI Projects\PiFinder_movile_sensors\Test cam\3\pifinder_iso_sweep_20260503_231251\pifinder_iso_sweep_20260503_231251_iso1600_019.jpg,3,pifinder_iso_sweep_20260503_231251,iso_sweep,iso1600,4080,3060,7.127231275720165,9.0,11.0,0.0,0.0004938271604938272,15.156248677799114,259,15,119.0156248677799,False,,,,,,,,
G:\Mi unidad\01. Personal\12. AI Projects\PiFinder_movile_sensors\Test cam\3\pifinder_iso_sweep_20260503_231251\pifinder_iso_sweep_20260503_231251_iso1600_020.jpg,3,pifinder_iso_sweep_20260503_231251,iso_sweep,iso1600,4080,3060,7.136984362139918,9.0,11.0,0.0003292181069958848,0.0026337448559670784,15.10018691714068,263,17,124.00837260117909,False,,,,,,,,
G:\Mi unidad\01. Personal\12. AI Projects\PiFinder_movile_sensors\Test cam\3\pifinder_iso_sweep_20260503_231251\pifinder_iso_sweep_20260503_231251_iso1600_021.jpg,3,pifinder_iso_sweep_20260503_231251,iso_sweep,iso1600,4080,3060,7.149879835390946,9.0,11.0,0.0001646090534979424,0.000823045267489712,15.160972128004879,288,14,116.515274167533,False,,,,,,,,
G:\Mi unidad\01. Personal\12. AI Projects\PiFinder_movile_sensors\Test cam\3\pifinder_iso_sweep_20260503_231251\pifinder_iso_sweep_20260503_231251_iso1600_022.jpg,3,pifinder_iso_sweep_20260503_231251,iso_sweep,iso1600,4080,3060,7.088717695473251,9.0,11.0,0.0,0.0009876543209876543,14.912034586302225,274,14,116.49120345863022,False,,,,,,,,
G:\Mi unidad\01. Personal\12. AI Projects\PiFinder_movile_sensors\Test cam\3\pifinder_iso_sweep_20260503_231251\pifinder_iso_sweep_20260503_231251_iso1600_023.jpg,3,pifinder_iso_sweep_20260503_231251,iso_sweep,iso1600,4080,3060,7.1049086419753085,9.0,11.0,0.0003292181069958848,0.002139917695473251,15.077364326267336,256,20,131.50609034209174,False,,,,,,,,
G:\Mi unidad\01. Personal\12. AI Projects\PiFinder_movile_sensors\Test cam\3\pifinder_iso_sweep_20260503_231251\pifinder_iso_sweep_20260503_231251_iso1600_024.jpg,3,pifinder_iso_sweep_20260503_231251,iso_sweep,iso1600,4080,3060,7.105919341563786,9.0,11.0,0.0001646090534979424,0.0014814814814814814,14.892687078503615,243,14,116.48844566258286,False,,,,,,,,
G:\Mi unidad\01. Personal\12. AI Projects\PiFinder_movile_sensors\Test cam\3\pifinder_iso_sweep_20260503_231251\pifinder_iso_sweep_20260503_231251_iso3200_025.jpg,3,pifinder_iso_sweep_20260503_231251,iso_sweep,iso3200,4080,3060,12.159527572016462,15.0,16.0,0.0001646090534979424,0.0,15.159363100478586,178,9,104.01511326478037,False,,,,,,,,
G:\Mi unidad\01. Personal\12. AI Projects\PiFinder_movile_sensors\Test cam\3\pifinder_iso_sweep_20260503_231251\pifinder_iso_sweep_20260503_231251_iso3200_026.jpg,3,pifinder_iso_sweep_20260503_231251,iso_sweep,iso3200,4080,3060,12.1448,15.0,16.0,0.0001646090534979424,0.0001646090534979424,15.69175084692103,139,7,99.06835203942461,False,,,,,,,,
G:\Mi unidad\01. Personal\12. AI Projects\PiFinder_movile_sensors\Test cam\3\pifinder_iso_sweep_20260503_231251\pifinder_iso_sweep_20260503_231251_iso3200_027.jpg,3,pifinder_iso_sweep_20260503_231251,iso_sweep,iso3200,4080,3060,12.107272427983538,15.0,16.0,0.0001646090534979424,0.0,15.45330974716998,163,9,104.04450792944951,False,,,,,,,,
G:\Mi unidad\01. Personal\12. AI Projects\PiFinder_movile_sensors\Test cam\3\pifinder_iso_sweep_20260503_231251\pifinder_iso_sweep_20260503_231251_iso3200_028.jpg,3,pifinder_iso_sweep_20260503_231251,iso_sweep,iso3200,4080,3060,12.139823868312757,15.0,16.0,0.0003292181069958848,0.0,15.433261590478416,183,7,99.04168006851286,False,,,,,,,,
G:\Mi unidad\01. Personal\12. AI Projects\PiFinder_movile_sensors\Test cam\3\pifinder_iso_sweep_20260503_231251\pifinder_iso_sweep_20260503_231251_iso3200_029.jpg,3,pifinder_iso_sweep_20260503_231251,iso_sweep,iso3200,4080,3060,12.124070781893003,15.0,16.0,0.0001646090534979424,0.0,15.69996983385595,186,7,99.0691739381181,False,,,,,,,,
G:\Mi unidad\01. Personal\12. AI Projects\PiFinder_movile_sensors\Test cam\3\pifinder_iso_sweep_20260503_231251\pifinder_iso_sweep_20260503_231251_iso3200_030.jpg,3,pifinder_iso_sweep_20260503_231251,iso_sweep,iso3200,4080,3060,12.1684329218107,15.0,16.0,0.0003292181069958848,0.0,15.363947806059375,179,7,99.03474869007096,False,,,,,,,,
G:\Mi unidad\01. Personal\12. AI Projects\PiFinder_movile_sensors\Test cam\3\pifinder_iso_sweep_20260503_231251\pifinder_iso_sweep_20260503_231251_iso3200_031.jpg,3,pifinder_iso_sweep_20260503_231251,iso_sweep,iso3200,4080,3060,12.128418106995884,15.0,16.0,0.0001646090534979424,0.0001646090534979424,15.673109026092904,181,10,106.5664878573418,False,,,,,,,,
G:\Mi unidad\01. Personal\12. AI Projects\PiFinder_movile_sensors\Test cam\3\pifinder_iso_sweep_20260503_231251\pifinder_iso_sweep_20260503_231251_iso3200_032.jpg,3,pifinder_iso_sweep_20260503_231251,iso_sweep,iso3200,4080,3060,12.168523456790123,15.0,16.0,0.0001646090534979424,0.0003292181069958848,15.414447278091078,180,7,99.04062168254161,False,,,,,,,,
G:\Mi unidad\01. Personal\12. AI Projects\PiFinder_movile_sensors\Test cam\3\pifinder_iso_sweep_20260503_231251\pifinder_iso_sweep_20260503_231251_iso400_001.jpg,3,pifinder_iso_sweep_20260503_231251,iso_sweep,iso400,4080,3060,1.9685349794238682,3.0,3.0,0.0001646090534979424,99.08888888888889,4.894429441070297,32,12,39.217508787728434,False,,,,,,,,
G:\Mi unidad\01. Personal\12. AI Projects\PiFinder_movile_sensors\Test cam\3\pifinder_iso_sweep_20260503_231251\pifinder_iso_sweep_20260503_231251_iso400_002.jpg,3,pifinder_iso_sweep_20260503_231251,iso_sweep,iso400,4080,3060,2.1002106995884775,3.0,4.0,0.0,98.91144032921811,4.14548208020864,134,8,77.28539594464637,False,,,,,,,,
G:\Mi unidad\01. Personal\12. AI Projects\PiFinder_movile_sensors\Test cam\3\pifinder_iso_sweep_20260503_231251\pifinder_iso_sweep_20260503_231251_iso400_003.jpg,3,pifinder_iso_sweep_20260503_231251,iso_sweep,iso400,4080,3060,2.137840329218107,3.0,4.0,0.0,98.76378600823045,4.023493145947264,170,5,69.89132050801037,False,,,,,,,,
G:\Mi unidad\01. Personal\12. AI Projects\PiFinder_movile_sensors\Test cam\3\pifinder_iso_sweep_20260503_231251\pifinder_iso_sweep_20260503_231251_iso400_004.jpg,3,pifinder_iso_sweep_20260503_231251,iso_sweep,iso400,4080,3060,2.122164609053498,3.0,4.0,0.0,98.80362139917696,4.409183099527511,37,7,31.89802119061118,False,,,,,,,,
G:\Mi unidad\01. Personal\12. AI Projects\PiFinder_movile_sensors\Test cam\3\pifinder_iso_sweep_20260503_231251\pifinder_iso_sweep_20260503_231251_iso400_005.jpg,3,pifinder_iso_sweep_20260503_231251,iso_sweep,iso400,4080,3060,2.134956378600823,3.0,4.0,0.0,98.73876543209876,4.000976224897966,195,8,77.40908527681079,False,,,,,,,,
G:\Mi unidad\01. Personal\12. AI Projects\PiFinder_movile_sensors\Test cam\3\pifinder_iso_sweep_20260503_231251\pifinder_iso_sweep_20260503_231251_iso400_006.jpg,3,pifinder_iso_sweep_20260503_231251,iso_sweep,iso400,4080,3060,2.1471983539094652,3.0,4.0,0.0001646090534979424,98.6961316872428,3.9055534503046623,175,10,82.43282694996873,False,,,,,,,,
G:\Mi unidad\01. Personal\12. AI Projects\PiFinder_movile_sensors\Test cam\3\pifinder_iso_sweep_20260503_231251\pifinder_iso_sweep_20260503_231251_iso400_007.jpg,3,pifinder_iso_sweep_20260503_231251,iso_sweep,iso400,4080,3060,2.118564609053498,3.0,4.0,0.0,98.9027160493827,3.8264138882460323,165,10,82.26046854931845,False,,,,,,,,
G:\Mi unidad\01. Personal\12. AI Projects\PiFinder_movile_sensors\Test cam\3\pifinder_iso_sweep_20260503_231251\pifinder_iso_sweep_20260503_231251_iso400_008.jpg,3,pifinder_iso_sweep_20260503_231251,iso_sweep,iso400,4080,3060,2.144702880658436,3.0,4.0,0.0,98.77975308641976,3.9244936624593136,156,10,82.36864689711012,False,,,,,,,,
G:\Mi unidad\01. Personal\12. AI Projects\PiFinder_movile_sensors\Test cam\3\pifinder_iso_sweep_20260503_231251\pifinder_iso_sweep_20260503_231251_iso800_009.jpg,3,pifinder_iso_sweep_20260503_231251,iso_sweep,iso800,4080,3060,3.594171193415638,5.0,6.0,0.0,51.24641975308643,7.368417912673204,153,16,120.73684179126732,False,,,,,,,,
G:\Mi unidad\01. Personal\12. AI Projects\PiFinder_movile_sensors\Test cam\3\pifinder_iso_sweep_20260503_231251\pifinder_iso_sweep_20260503_231251_iso800_010.jpg,3,pifinder_iso_sweep_20260503_231251,iso_sweep,iso800,4080,3060,3.5775358024691357,5.0,6.0,0.0001646090534979424,51.99670781893004,7.4822227085871065,117,16,120.74739922559121,False,,,,,,,,
G:\Mi unidad\01. Personal\12. AI Projects\PiFinder_movile_sensors\Test cam\3\pifinder_iso_sweep_20260503_231251\pifinder_iso_sweep_20260503_231251_iso800_011.jpg,3,pifinder_iso_sweep_20260503_231251,iso_sweep,iso800,4080,3060,3.5850748971193416,5.0,6.0,0.0001646090534979424,51.84740740740741,7.181511117817406,143,20,130.71732806651426,False,,,,,,,,
G:\Mi unidad\01. Personal\12. AI Projects\PiFinder_movile_sensors\Test cam\3\pifinder_iso_sweep_20260503_231251\pifinder_iso_sweep_20260503_231251_iso800_012.jpg,3,pifinder_iso_sweep_20260503_231251,iso_sweep,iso800,4080,3060,3.5877942386831276,5.0,6.0,0.0,51.38716049382715,7.247917702179546,154,18,125.72479177021795,False,,,,,,,,
G:\Mi unidad\01. Personal\12. AI Projects\PiFinder_movile_sensors\Test cam\3\pifinder_iso_sweep_20260503_231251\pifinder_iso_sweep_20260503_231251_iso800_013.jpg,3,pifinder_iso_sweep_20260503_231251,iso_sweep,iso800,4080,3060,3.5743786008230454,5.0,6.0,0.0001646090534979424,52.30831275720165,7.319048368835374,123,18,125.73108179161605,False,,,,,,,,
G:\Mi unidad\01. Personal\12. AI Projects\PiFinder_movile_sensors\Test cam\3\pifinder_iso_sweep_20260503_231251\pifinder_iso_sweep_20260503_231251_iso800_014.jpg,3,pifinder_iso_sweep_20260503_231251,iso_sweep,iso800,4080,3060,3.6026683127572015,5.0,6.0,0.0001646090534979424,50.78650205761317,7.293981247517148,142,16,120.72857507948422,False,,,,,,,,
G:\Mi unidad\01. Personal\12. AI Projects\PiFinder_movile_sensors\Test cam\3\pifinder_iso_sweep_20260503_231251\pifinder_iso_sweep_20260503_231251_iso800_015.jpg,3,pifinder_iso_sweep_20260503_231251,iso_sweep,iso800,4080,3060,3.5829201646090536,5.0,6.0,0.0,51.8085596707819,7.297484806925773,152,17,123.22974848069258,False,,,,,,,,
G:\Mi unidad\01. Personal\12. AI Projects\PiFinder_movile_sensors\Test cam\3\pifinder_iso_sweep_20260503_231251\pifinder_iso_sweep_20260503_231251_iso800_016.jpg,3,pifinder_iso_sweep_20260503_231251,iso_sweep,iso800,4080,3060,3.6086123456790125,5.0,6.0,0.0001646090534979424,50.363456790123465,7.208574702124676,132,23,138.220034424945,False,,,,,,,,
G:\Mi unidad\01. Personal\12. AI Projects\PiFinder_movile_sensors\Test cam\3\pifinder_manual_burst_20260503_231244\pifinder_manual_burst_20260503_231244_iso3200_001.jpg,3,pifinder_manual_burst_20260503_231244,manual_burst,iso3200,4080,3060,12.01115720164609,15.0,16.0,0.0003292181069958848,0.0001646090534979424,15.689653830233198,142,7,99.06731929248835,False,,,,,,,,
G:\Mi unidad\01. Personal\12. AI Projects\PiFinder_movile_sensors\Test cam\3\pifinder_manual_burst_20260503_231244\pifinder_manual_burst_20260503_231244_iso3200_002.jpg,3,pifinder_manual_burst_20260503_231244,manual_burst,iso3200,4080,3060,11.780934979423868,14.0,16.0,0.0003292181069958848,0.0,15.56388883158055,134,8,101.55474279262307,False,,,,,,,,
G:\Mi unidad\01. Personal\12. AI Projects\PiFinder_movile_sensors\Test cam\3\pifinder_manual_burst_20260503_231244\pifinder_manual_burst_20260503_231244_iso3200_003.jpg,3,pifinder_manual_burst_20260503_231244,manual_burst,iso3200,4080,3060,12.027451851851852,15.0,16.0,0.0003292181069958848,0.0,15.763477963641044,148,8,101.57470170582913,False,,,,,,,,
G:\Mi unidad\01. Personal\12. AI Projects\PiFinder_movile_sensors\Test cam\3\pifinder_manual_burst_20260503_231244\pifinder_manual_burst_20260503_231244_iso3200_004.jpg,3,pifinder_manual_burst_20260503_231244,manual_burst,iso3200,4080,3060,12.113032098765432,15.0,16.0,0.0003292181069958848,0.0003292181069958848,15.985255801152263,175,9,104.09687948958025,False,,,,,,,,
G:\Mi unidad\01. Personal\12. AI Projects\PiFinder_movile_sensors\Test cam\3\pifinder_manual_burst_20260503_231244\pifinder_manual_burst_20260503_231244_iso3200_005.jpg,3,pifinder_manual_burst_20260503_231244,manual_burst,iso3200,4080,3060,12.129183539094651,15.0,16.0,0.0003292181069958848,0.0,16.274943420844384,193,9,104.12584825154946,False,,,,,,,,
G:\Mi unidad\01. Personal\12. AI Projects\PiFinder_movile_sensors\Test cam\3\pifinder_manual_burst_20260503_231244\pifinder_manual_burst_20260503_231244_iso3200_006.jpg,3,pifinder_manual_burst_20260503_231244,manual_burst,iso3200,4080,3060,12.088,15.0,16.0,0.0003292181069958848,0.0,16.162951995732357,191,10,106.61464910903825,False,,,,,,,,
G:\Mi unidad\01. Personal\12. AI Projects\PiFinder_movile_sensors\Test cam\3\pifinder_manual_burst_20260503_231244\pifinder_manual_burst_20260503_231244_iso3200_007.jpg,3,pifinder_manual_burst_20260503_231244,manual_burst,iso3200,4080,3060,12.10607901234568,15.0,16.0,0.0003292181069958848,0.0001646090534979424,15.90990753019086,185,7,99.08934466248411,False,,,,,,,,
G:\Mi unidad\01. Personal\12. AI Projects\PiFinder_movile_sensors\Test cam\3\pifinder_manual_burst_20260503_231244\pifinder_manual_burst_20260503_231244_iso3200_008.jpg,3,pifinder_manual_burst_20260503_231244,manual_burst,iso3200,4080,3060,12.067412345679012,15.0,16.0,0.0003292181069958848,0.0001646090534979424,16.246007776473096,173,10,106.62295468711234,False,,,,,,,,
G:\Mi unidad\01. Personal\12. AI Projects\PiFinder_movile_sensors\Test cam\3\pifinder_manual_burst_20260503_231244\pifinder_manual_burst_20260503_231244_iso3200_009.jpg,3,pifinder_manual_burst_20260503_231244,manual_burst,iso3200,4080,3060,12.078612345679012,15.0,16.0,0.0003292181069958848,0.0001646090534979424,16.165060406035668,172,7,99.11485995006859,False,,,,,,,,
G:\Mi unidad\01. Personal\12. AI Projects\PiFinder_movile_sensors\Test cam\3\pifinder_manual_burst_20260503_231244\pifinder_manual_burst_20260503_231244_iso3200_010.jpg,3,pifinder_manual_burst_20260503_231244,manual_burst,iso3200,4080,3060,12.106990946502057,15.0,16.0,0.0003292181069958848,0.0003292181069958848,16.255748864502362,203,7,99.12392879591526,False,,,,,,,,
G:\Mi unidad\01. Personal\12. AI Projects\PiFinder_movile_sensors\Test cam\3\pifinder_manual_burst_20260503_231244\pifinder_manual_burst_20260503_231244_iso3200_011.jpg,3,pifinder_manual_burst_20260503_231244,manual_burst,iso3200,4080,3060,12.131649382716049,15.0,16.0,0.0003292181069958848,0.0,15.999257121102813,170,8,101.5982796215753,False,,,,,,,,
G:\Mi unidad\01. Personal\12. AI Projects\PiFinder_movile_sensors\Test cam\3\pifinder_manual_burst_20260503_231244\pifinder_manual_burst_20260503_231244_iso3200_012.jpg,3,pifinder_manual_burst_20260503_231244,manual_burst,iso3200,4080,3060,12.067000823045268,15.0,16.0,0.0001646090534979424,0.0,15.717209590340225,161,6,96.57089791376653,False,,,,,,,,
G:\Mi unidad\01. Personal\12. AI Projects\PiFinder_movile_sensors\Test cam\3\pifinder_manual_burst_20260503_231244\pifinder_manual_burst_20260503_231244_iso3200_013.jpg,3,pifinder_manual_burst_20260503_231244,manual_burst,iso3200,4080,3060,12.084641975308642,15.0,16.0,0.0001646090534979424,0.0,16.173130660193397,191,7,99.11649002075184,False,,,,,,,,
G:\Mi unidad\01. Personal\12. AI Projects\PiFinder_movile_sensors\Test cam\3\pifinder_manual_burst_20260503_231244\pifinder_manual_burst_20260503_231244_iso3200_014.jpg,3,pifinder_manual_burst_20260503_231244,manual_burst,iso3200,4080,3060,12.10448559670782,15.0,16.0,0.0003292181069958848,0.0001646090534979424,16.042176655119647,213,11,109.10257157497699,False,,,,,,,,
G:\Mi unidad\01. Personal\12. AI Projects\PiFinder_movile_sensors\Test cam\3\pifinder_manual_burst_20260503_231244\pifinder_manual_burst_20260503_231244_iso3200_015.jpg,3,pifinder_manual_burst_20260503_231244,manual_burst,iso3200,4080,3060,12.12963621399177,15.0,16.0,0.0003292181069958848,0.0,16.064965288126132,176,9,104.10485043827764,False,,,,,,,,
G:\Mi unidad\01. Personal\12. AI Projects\PiFinder_movile_sensors\Test cam\3\pifinder_manual_burst_20260503_231244\pifinder_manual_burst_20260503_231244_iso3200_016.jpg,3,pifinder_manual_burst_20260503_231244,manual_burst,iso3200,4080,3060,12.131945679012345,15.0,16.0,0.0,0.0,15.910671823723348,201,9,104.09106718237234,False,,,,,,,,
G:\Mi unidad\01. Personal\12. AI Projects\PiFinder_movile_sensors\Test cam\3\pifinder_manual_burst_20260503_231244\pifinder_manual_burst_20260503_231244_iso3200_017.jpg,3,pifinder_manual_burst_20260503_231244,manual_burst,iso3200,4080,3060,12.157682304526748,15.0,17.0,0.0001646090534979424,0.0,15.920122656909346,250,7,99.09118922042344,False,,,,,,,,
G:\Mi unidad\01. Personal\12. AI Projects\PiFinder_movile_sensors\Test cam\3\pifinder_manual_burst_20260503_231244\pifinder_manual_burst_20260503_231244_iso3200_018.jpg,3,pifinder_manual_burst_20260503_231244,manual_burst,iso3200,4080,3060,12.131058436213992,15.0,16.0,0.0,0.0,15.946141403311826,223,8,101.59461414033119,False,,,,,,,,
G:\Mi unidad\01. Personal\12. AI Projects\PiFinder_movile_sensors\Test cam\3\pifinder_manual_burst_20260503_231244\pifinder_manual_burst_20260503_231244_iso3200_019.jpg,3,pifinder_manual_burst_20260503_231244,manual_burst,iso3200,4080,3060,12.16081646090535,15.0,16.0,0.0,0.0,16.18676170339616,199,8,101.61867617033961,False,,,,,,,,
G:\Mi unidad\01. Personal\12. AI Projects\PiFinder_movile_sensors\Test cam\3\pifinder_manual_burst_20260503_231244\pifinder_manual_burst_20260503_231244_iso3200_020.jpg,3,pifinder_manual_burst_20260503_231244,manual_burst,iso3200,4080,3060,12.105198353909465,15.0,16.0,0.0003292181069958848,0.0,16.017858773333334,194,9,104.10013978679835,False,,,,,,,,
G:\Mi unidad\01. Personal\12. AI Projects\PiFinder_movile_sensors\Test cam\3\pifinder_manual_burst_20260503_231244\pifinder_manual_burst_20260503_231244_iso3200_021.jpg,3,pifinder_manual_burst_20260503_231244,manual_burst,iso3200,4080,3060,12.119807407407407,15.0,16.0,0.0003292181069958848,0.0001646090534979424,16.16391324735999,236,7,99.11474523420102,False,,,,,,,,
G:\Mi unidad\01. Personal\12. AI Projects\PiFinder_movile_sensors\Test cam\3\pifinder_manual_burst_20260503_231244\pifinder_manual_burst_20260503_231244_iso3200_022.jpg,3,pifinder_manual_burst_20260503_231244,manual_burst,iso3200,4080,3060,12.160999176954732,15.0,16.0,0.0003292181069958848,0.0,15.98148612087182,201,7,99.09650252155221,False,,,,,,,,
G:\Mi unidad\01. Personal\12. AI Projects\PiFinder_movile_sensors\Test cam\3\pifinder_manual_burst_20260503_231244\pifinder_manual_burst_20260503_231244_iso3200_023.jpg,3,pifinder_manual_burst_20260503_231244,manual_burst,iso3200,4080,3060,12.131588477366256,15.0,16.0,0.0003292181069958848,0.0,15.896375150411352,208,8,101.58799142450616,False,,,,,,,,
G:\Mi unidad\01. Personal\12. AI Projects\PiFinder_movile_sensors\Test cam\3\pifinder_manual_burst_20260503_231244\pifinder_manual_burst_20260503_231244_iso3200_024.jpg,3,pifinder_manual_burst_20260503_231244,manual_burst,iso3200,4080,3060,12.127512757201647,15.0,16.0,0.0001646090534979424,0.0003292181069958848,15.730969681426613,235,9,104.07227392287517,False,,,,,,,,
G:\Mi unidad\01. Personal\12. AI Projects\PiFinder_movile_sensors\Test cam\3\pifinder_manual_burst_20260503_231244\pifinder_manual_burst_20260503_231244_iso3200_025.jpg,3,pifinder_manual_burst_20260503_231244,manual_burst,iso3200,4080,3060,12.180314403292181,15.0,16.0,0.0001646090534979424,0.0,15.890114933674745,213,8,101.58818844809998,False,,,,,,,,
G:\Mi unidad\01. Personal\12. AI Projects\PiFinder_movile_sensors\Test cam\3\pifinder_manual_burst_20260503_231244\pifinder_manual_burst_20260503_231244_iso3200_026.jpg,3,pifinder_manual_burst_20260503_231244,manual_burst,iso3200,4080,3060,12.076934979423868,15.0,16.0,0.0003292181069958848,0.0,16.116999979626414,175,8,101.61005390742767,False,,,,,,,,
G:\Mi unidad\01. Personal\12. AI Projects\PiFinder_movile_sensors\Test cam\3\pifinder_manual_burst_20260503_231244\pifinder_manual_burst_20260503_231244_iso3200_027.jpg,3,pifinder_manual_burst_20260503_231244,manual_burst,iso3200,4080,3060,12.091231275720165,15.0,16.0,0.0003292181069958848,0.0001646090534979424,15.976643679902454,203,8,101.59601827745527,False,,,,,,,,
G:\Mi unidad\01. Personal\12. AI Projects\PiFinder_movile_sensors\Test cam\3\pifinder_manual_burst_20260503_231244\pifinder_manual_burst_20260503_231244_iso3200_028.jpg,3,pifinder_manual_burst_20260503_231244,manual_burst,iso3200,4080,3060,12.066997530864198,15.0,16.0,0.0001646090534979424,0.0,15.715922121018137,210,6,96.57076916683432,False,,,,,,,,
G:\Mi unidad\01. Personal\12. AI Projects\PiFinder_movile_sensors\Test cam\3\pifinder_manual_burst_20260503_231244\pifinder_manual_burst_20260503_231244_iso3200_029.jpg,3,pifinder_manual_burst_20260503_231244,manual_burst,iso3200,4080,3060,12.041869958847737,15.0,16.0,0.0001646090534979424,0.0001646090534979424,16.053649192769395,191,7,99.10454187400944,False,,,,,,,,
G:\Mi unidad\01. Personal\12. AI Projects\PiFinder_movile_sensors\Test cam\3\pifinder_manual_burst_20260503_231244\pifinder_manual_burst_20260503_231244_iso3200_030.jpg,3,pifinder_manual_burst_20260503_231244,manual_burst,iso3200,4080,3060,12.10352098765432,15.0,16.0,0.0003292181069958848,0.0001646090534979424,15.848929820890449,171,9,104.08324689155407,False,,,,,,,,
G:\Mi unidad\01. Personal\12. AI Projects\PiFinder_movile_sensors\Test cam\4\pifinder_camera_sweep_20260503_231416\pifinder_camera_sweep_20260503_231416_iso3200_001.jpg,4,pifinder_camera_sweep_20260503_231416,camera_sweep,iso3200,4080,3060,11.901721810699588,15.0,17.0,0.0,0.0,15.228559998024691,273,15,119.02285599980247,False,,,,,,,,
G:\Mi unidad\01. Personal\12. AI Projects\PiFinder_movile_sensors\Test cam\4\pifinder_camera_sweep_20260503_231416\pifinder_camera_sweep_20260503_231416_iso3200_002.jpg,4,pifinder_camera_sweep_20260503_231416,camera_sweep,iso3200,4080,3060,11.4536658436214,14.0,16.0,0.0,0.0001646090534979424,14.955287522972446,393,13,113.99552875229725,False,,,,,,,,
G:\Mi unidad\01. Personal\12. AI Projects\PiFinder_movile_sensors\Test cam\4\pifinder_camera_sweep_20260503_231416\pifinder_camera_sweep_20260503_231416_iso3200_003.jpg,4,pifinder_camera_sweep_20260503_231416,camera_sweep,iso3200,4080,3060,11.58800329218107,14.0,16.0,0.0,0.0,14.633687233585665,417,15,118.96336872335857,False,,,,,,,,
G:\Mi unidad\01. Personal\12. AI Projects\PiFinder_movile_sensors\Test cam\4\pifinder_camera_sweep_20260503_231416\pifinder_camera_sweep_20260503_231416_iso3200_004.jpg,4,pifinder_camera_sweep_20260503_231416,camera_sweep,iso3200,4080,3060,11.640385185185185,14.0,16.0,0.0,0.0,14.818374786401801,428,15,118.98183747864017,False,,,,,,,,
G:\Mi unidad\01. Personal\12. AI Projects\PiFinder_movile_sensors\Test cam\4\pifinder_camera_sweep_20260503_231416\pifinder_camera_sweep_20260503_231416_iso3200_005.jpg,4,pifinder_camera_sweep_20260503_231416,camera_sweep,iso3200,4080,3060,11.547532510288066,14.0,16.0,0.0,0.0,14.831904738844012,408,16,121.4831904738844,False,,,,,,,,
G:\Mi unidad\01. Personal\12. AI Projects\PiFinder_movile_sensors\Test cam\4\pifinder_camera_sweep_20260503_231416\pifinder_camera_sweep_20260503_231416_iso3200_006.jpg,4,pifinder_camera_sweep_20260503_231416,camera_sweep,iso3200,4080,3060,11.56196378600823,14.0,16.0,0.0,0.0,14.607241405005336,369,16,121.46072414050053,False,,,,,,,,
G:\Mi unidad\01. Personal\12. AI Projects\PiFinder_movile_sensors\Test cam\4\pifinder_camera_sweep_20260503_231418\pifinder_camera_sweep_20260503_231418_iso3200_001.jpg,4,pifinder_camera_sweep_20260503_231418,camera_sweep,iso3200,4080,3060,7.743116049382716,11.0,13.0,0.0,0.0003292181069958848,11.848944176937797,106,80,231.18489441769378,False,,,,,,5288.429100000002,free_fov,
G:\Mi unidad\01. Personal\12. AI Projects\PiFinder_movile_sensors\Test cam\4\pifinder_camera_sweep_20260503_231418\pifinder_camera_sweep_20260503_231418_iso3200_002.jpg,4,pifinder_camera_sweep_20260503_231418,camera_sweep,iso3200,4080,3060,8.244995884773662,12.0,14.0,0.0,0.0,11.642705027442293,79,64,230.16427050274422,False,,,,,,5155.950200000007,free_fov,
G:\Mi unidad\01. Personal\12. AI Projects\PiFinder_movile_sensors\Test cam\4\pifinder_camera_sweep_20260503_231418\pifinder_camera_sweep_20260503_231418_iso3200_003.jpg,4,pifinder_camera_sweep_20260503_231418,camera_sweep,iso3200,4080,3060,8.27427818930041,12.0,14.0,0.0,0.0,12.069434182664567,86,77,231.20694341826646,True,106.8014504588436,-40.712279180561644,16.87506478675664,321.79086077015864,29,3828.6437000000005,free_fov,
G:\Mi unidad\01. Personal\12. AI Projects\PiFinder_movile_sensors\Test cam\4\pifinder_camera_sweep_20260503_231418\pifinder_camera_sweep_20260503_231418_iso3200_004.jpg,4,pifinder_camera_sweep_20260503_231418,camera_sweep,iso3200,4080,3060,8.177772839506172,12.0,13.0,0.0,0.0,11.90550124314112,208,64,231.19055012431411,True,52.155121251158754,-65.49102633973688,24.423606710869933,320.7040398429552,28,930.6873000000024,free_fov,
G:\Mi unidad\01. Personal\12. AI Projects\PiFinder_movile_sensors\Test cam\4\pifinder_camera_sweep_20260503_231418\pifinder_camera_sweep_20260503_231418_iso3200_005.jpg,4,pifinder_camera_sweep_20260503_231418,camera_sweep,iso3200,4080,3060,8.170581069958848,12.0,14.0,0.0,0.0,12.075519133779743,213,78,231.20755191337798,False,,,,,,5106.489099999991,free_fov,
G:\Mi unidad\01. Personal\12. AI Projects\PiFinder_movile_sensors\Test cam\4\pifinder_camera_sweep_20260503_231418\pifinder_camera_sweep_20260503_231418_iso3200_006.jpg,4,pifinder_camera_sweep_20260503_231418,camera_sweep,iso3200,4080,3060,8.143871604938271,12.0,14.0,0.0,0.0,12.023345136344393,200,74,231.20233451363444,False,,,,,,5091.2222999999985,free_fov,
G:\Mi unidad\01. Personal\12. AI Projects\PiFinder_movile_sensors\Test cam\4\pifinder_iso_sweep_20260503_231403\pifinder_iso_sweep_20260503_231403_iso1600_017.jpg,4,pifinder_iso_sweep_20260503_231403,iso_sweep,iso1600,4080,3060,6.675112757201646,9.0,11.0,0.0,0.000823045267489712,13.334749698453825,696,38,176.33347496984538,False,,,,,,,,
G:\Mi unidad\01. Personal\12. AI Projects\PiFinder_movile_sensors\Test cam\4\pifinder_iso_sweep_20260503_231403\pifinder_iso_sweep_20260503_231403_iso1600_018.jpg,4,pifinder_iso_sweep_20260503_231403,iso_sweep,iso1600,4080,3060,6.717758024691358,9.0,11.0,0.0,0.0004938271604938272,13.532939868789649,741,36,171.35329398687895,False,,,,,,,,
G:\Mi unidad\01. Personal\12. AI Projects\PiFinder_movile_sensors\Test cam\4\pifinder_iso_sweep_20260503_231403\pifinder_iso_sweep_20260503_231403_iso1600_019.jpg,4,pifinder_iso_sweep_20260503_231403,iso_sweep,iso1600,4080,3060,6.677555555555555,9.0,11.0,0.0,0.0003292181069958848,13.571952494556045,737,36,171.3571952494556,False,,,,,,,,
G:\Mi unidad\01. Personal\12. AI Projects\PiFinder_movile_sensors\Test cam\4\pifinder_iso_sweep_20260503_231403\pifinder_iso_sweep_20260503_231403_iso1600_020.jpg,4,pifinder_iso_sweep_20260503_231403,iso_sweep,iso1600,4080,3060,6.67042962962963,9.0,11.0,0.0,0.0009876543209876543,13.590415831892834,668,40,181.35904158318928,False,,,,,,,,
G:\Mi unidad\01. Personal\12. AI Projects\PiFinder_movile_sensors\Test cam\4\pifinder_iso_sweep_20260503_231403\pifinder_iso_sweep_20260503_231403_iso1600_021.jpg,4,pifinder_iso_sweep_20260503_231403,iso_sweep,iso1600,4080,3060,6.667511111111111,9.0,11.0,0.0,0.0006584362139917696,13.507256770847263,703,32,161.35072567708474,False,,,,,,,,
G:\Mi unidad\01. Personal\12. AI Projects\PiFinder_movile_sensors\Test cam\4\pifinder_iso_sweep_20260503_231403\pifinder_iso_sweep_20260503_231403_iso1600_022.jpg,4,pifinder_iso_sweep_20260503_231403,iso_sweep,iso1600,4080,3060,6.667955555555555,9.0,11.0,0.0,0.0001646090534979424,13.247703111230333,693,42,186.32477031112305,False,,,,,,,,
G:\Mi unidad\01. Personal\12. AI Projects\PiFinder_movile_sensors\Test cam\4\pifinder_iso_sweep_20260503_231403\pifinder_iso_sweep_20260503_231403_iso1600_023.jpg,4,pifinder_iso_sweep_20260503_231403,iso_sweep,iso1600,4080,3060,6.648316049382716,9.0,11.0,0.0,0.0003292181069958848,13.297685062057614,633,31,158.82976850620577,False,,,,,,,,
G:\Mi unidad\01. Personal\12. AI Projects\PiFinder_movile_sensors\Test cam\4\pifinder_iso_sweep_20260503_231403\pifinder_iso_sweep_20260503_231403_iso1600_024.jpg,4,pifinder_iso_sweep_20260503_231403,iso_sweep,iso1600,4080,3060,6.679786008230453,9.0,11.0,0.0,0.000823045267489712,13.522336781626107,682,36,171.3522336781626,False,,,,,,,,
G:\Mi unidad\01. Personal\12. AI Projects\PiFinder_movile_sensors\Test cam\4\pifinder_iso_sweep_20260503_231403\pifinder_iso_sweep_20260503_231403_iso3200_025.jpg,4,pifinder_iso_sweep_20260503_231403,iso_sweep,iso3200,4080,3060,11.50514732510288,14.0,16.0,0.0,0.0,15.200596822289285,408,15,119.02005968222893,False,,,,,,,,
G:\Mi unidad\01. Personal\12. AI Projects\PiFinder_movile_sensors\Test cam\4\pifinder_iso_sweep_20260503_231403\pifinder_iso_sweep_20260503_231403_iso3200_026.jpg,4,pifinder_iso_sweep_20260503_231403,iso_sweep,iso3200,4080,3060,11.507697119341564,14.0,16.0,0.0,0.0,15.620087009530389,416,15,119.06200870095304,False,,,,,,,,
G:\Mi unidad\01. Personal\12. AI Projects\PiFinder_movile_sensors\Test cam\4\pifinder_iso_sweep_20260503_231403\pifinder_iso_sweep_20260503_231403_iso3200_027.jpg,4,pifinder_iso_sweep_20260503_231403,iso_sweep,iso3200,4080,3060,11.450893827160494,14.0,16.0,0.0,0.0,14.945505697657198,334,16,121.49455056976572,False,,,,,,,,
G:\Mi unidad\01. Personal\12. AI Projects\PiFinder_movile_sensors\Test cam\4\pifinder_iso_sweep_20260503_231403\pifinder_iso_sweep_20260503_231403_iso3200_028.jpg,4,pifinder_iso_sweep_20260503_231403,iso_sweep,iso3200,4080,3060,11.524269958847736,14.0,16.0,0.0,0.0,15.388394633530798,396,15,119.03883946335309,False,,,,,,,,
G:\Mi unidad\01. Personal\12. AI Projects\PiFinder_movile_sensors\Test cam\4\pifinder_iso_sweep_20260503_231403\pifinder_iso_sweep_20260503_231403_iso3200_029.jpg,4,pifinder_iso_sweep_20260503_231403,iso_sweep,iso3200,4080,3060,11.518855967078188,14.0,16.0,0.0,0.0,15.306651704448848,381,16,121.53066517044489,False,,,,,,,,
G:\Mi unidad\01. Personal\12. AI Projects\PiFinder_movile_sensors\Test cam\4\pifinder_iso_sweep_20260503_231403\pifinder_iso_sweep_20260503_231403_iso3200_030.jpg,4,pifinder_iso_sweep_20260503_231403,iso_sweep,iso3200,4080,3060,11.514278189300411,14.0,16.0,0.0,0.0,15.19760826101441,386,12,111.51976082610145,False,,,,,,,,
G:\Mi unidad\01. Personal\12. AI Projects\PiFinder_movile_sensors\Test cam\4\pifinder_iso_sweep_20260503_231403\pifinder_iso_sweep_20260503_231403_iso3200_031.jpg,4,pifinder_iso_sweep_20260503_231403,iso_sweep,iso3200,4080,3060,11.57477366255144,14.0,16.0,0.0,0.0,15.527876129286525,398,12,111.55278761292865,False,,,,,,,,
G:\Mi unidad\01. Personal\12. AI Projects\PiFinder_movile_sensors\Test cam\4\pifinder_iso_sweep_20260503_231403\pifinder_iso_sweep_20260503_231403_iso3200_032.jpg,4,pifinder_iso_sweep_20260503_231403,iso_sweep,iso3200,4080,3060,11.552263374485596,14.0,16.0,0.0,0.0,15.330231441694863,434,19,129.03302314416948,False,,,,,,,,
G:\Mi unidad\01. Personal\12. AI Projects\PiFinder_movile_sensors\Test cam\4\pifinder_iso_sweep_20260503_231403\pifinder_iso_sweep_20260503_231403_iso400_001.jpg,4,pifinder_iso_sweep_20260503_231403,iso_sweep,iso400,4080,3060,2.0713777777777778,3.0,4.0,0.0,98.75390946502057,3.264552460442006,182,80,207.32332767402772,False,,,,,,,,
G:\Mi unidad\01. Personal\12. AI Projects\PiFinder_movile_sensors\Test cam\4\pifinder_iso_sweep_20260503_231403\pifinder_iso_sweep_20260503_231403_iso400_002.jpg,4,pifinder_iso_sweep_20260503_231403,iso_sweep,iso400,4080,3060,1.936567901234568,3.0,4.0,0.0,98.59539094650206,4.189812306332707,200,80,207.54266847343163,False,,,,,,,,
G:\Mi unidad\01. Personal\12. AI Projects\PiFinder_movile_sensors\Test cam\4\pifinder_iso_sweep_20260503_231403\pifinder_iso_sweep_20260503_231403_iso400_003.jpg,4,pifinder_iso_sweep_20260503_231403,iso_sweep,iso400,4080,3060,1.8262469135802468,3.0,3.0,0.0,99.08921810699589,4.338970829761046,154,80,207.1625225973794,False,,,,,,,,
G:\Mi unidad\01. Personal\12. AI Projects\PiFinder_movile_sensors\Test cam\4\pifinder_iso_sweep_20260503_231403\pifinder_iso_sweep_20260503_231403_iso400_004.jpg,4,pifinder_iso_sweep_20260503_231403,iso_sweep,iso400,4080,3060,1.8718831275720165,3.0,3.0,0.0,99.09596707818929,3.999400932253552,142,80,207.1231664306739,False,,,,,,,,
G:\Mi unidad\01. Personal\12. AI Projects\PiFinder_movile_sensors\Test cam\4\pifinder_iso_sweep_20260503_231403\pifinder_iso_sweep_20260503_231403_iso400_005.jpg,4,pifinder_iso_sweep_20260503_231403,iso_sweep,iso400,4080,3060,1.9111736625514404,3.0,3.0,0.0,99.06436213991769,3.9181107068068894,131,80,207.14032135874652,False,,,,,,,,
G:\Mi unidad\01. Personal\12. AI Projects\PiFinder_movile_sensors\Test cam\4\pifinder_iso_sweep_20260503_231403\pifinder_iso_sweep_20260503_231403_iso400_006.jpg,4,pifinder_iso_sweep_20260503_231403,iso_sweep,iso400,4080,3060,1.9256609053497942,3.0,3.0,0.0,99.03308641975309,3.83439115303155,148,80,207.15696997950067,False,,,,,,,,
G:\Mi unidad\01. Personal\12. AI Projects\PiFinder_movile_sensors\Test cam\4\pifinder_iso_sweep_20260503_231403\pifinder_iso_sweep_20260503_231403_iso400_007.jpg,4,pifinder_iso_sweep_20260503_231403,iso_sweep,iso400,4080,3060,1.9508576131687243,3.0,4.0,0.0,98.98567901234568,3.813318342057613,158,80,207.1927886243292,False,,,,,,,,
G:\Mi unidad\01. Personal\12. AI Projects\PiFinder_movile_sensors\Test cam\4\pifinder_iso_sweep_20260503_231403\pifinder_iso_sweep_20260503_231403_iso400_008.jpg,4,pifinder_iso_sweep_20260503_231403,iso_sweep,iso400,4080,3060,1.9448576131687243,3.0,3.0,0.0,99.00312757201645,3.7480754457240595,151,80,207.17230548695923,False,,,,,,,,
G:\Mi unidad\01. Personal\12. AI Projects\PiFinder_movile_sensors\Test cam\4\pifinder_iso_sweep_20260503_231403\pifinder_iso_sweep_20260503_231403_iso800_009.jpg,4,pifinder_iso_sweep_20260503_231403,iso_sweep,iso800,4080,3060,3.3213991769547326,5.0,6.0,0.0,66.17020576131686,6.179769832579722,583,39,178.11797698325796,False,,,,,,,,
G:\Mi unidad\01. Personal\12. AI Projects\PiFinder_movile_sensors\Test cam\4\pifinder_iso_sweep_20260503_231403\pifinder_iso_sweep_20260503_231403_iso800_010.jpg,4,pifinder_iso_sweep_20260503_231403,iso_sweep,iso800,4080,3060,3.2977020576131686,5.0,6.0,0.0,67.21530864197531,6.38477850277837,600,41,183.13847785027784,False,,,,,,,,
G:\Mi unidad\01. Personal\12. AI Projects\PiFinder_movile_sensors\Test cam\4\pifinder_iso_sweep_20260503_231403\pifinder_iso_sweep_20260503_231403_iso800_011.jpg,4,pifinder_iso_sweep_20260503_231403,iso_sweep,iso800,4080,3060,3.3097876543209876,5.0,6.0,0.0,66.61251028806583,6.302882869600501,615,34,165.63028828696005,False,,,,,,,,
G:\Mi unidad\01. Personal\12. AI Projects\PiFinder_movile_sensors\Test cam\4\pifinder_iso_sweep_20260503_231403\pifinder_iso_sweep_20260503_231403_iso800_012.jpg,4,pifinder_iso_sweep_20260503_231403,iso_sweep,iso800,4080,3060,3.319254320987654,5.0,6.0,0.0,66.47045267489712,6.274890790428289,573,41,183.12748907904282,False,,,,,,,,
G:\Mi unidad\01. Personal\12. AI Projects\PiFinder_movile_sensors\Test cam\4\pifinder_iso_sweep_20260503_231403\pifinder_iso_sweep_20260503_231403_iso800_013.jpg,4,pifinder_iso_sweep_20260503_231403,iso_sweep,iso800,4080,3060,3.338795061728395,5.0,6.0,0.0,66.43423868312756,6.2395593364724204,641,36,170.62395593364724,False,,,,,,,,
G:\Mi unidad\01. Personal\12. AI Projects\PiFinder_movile_sensors\Test cam\4\pifinder_iso_sweep_20260503_231403\pifinder_iso_sweep_20260503_231403_iso800_014.jpg,4,pifinder_iso_sweep_20260503_231403,iso_sweep,iso800,4080,3060,3.288566255144033,5.0,6.0,0.0,67.38057613168723,6.438962414266118,558,39,178.1438962414266,False,,,,,,,,
G:\Mi unidad\01. Personal\12. AI Projects\PiFinder_movile_sensors\Test cam\4\pifinder_iso_sweep_20260503_231403\pifinder_iso_sweep_20260503_231403_iso800_015.jpg,4,pifinder_iso_sweep_20260503_231403,iso_sweep,iso800,4080,3060,3.319114403292181,5.0,6.0,0.0,66.200329218107,6.288603681988857,605,39,178.12886036819887,False,,,,,,,,
G:\Mi unidad\01. Personal\12. AI Projects\PiFinder_movile_sensors\Test cam\4\pifinder_iso_sweep_20260503_231403\pifinder_iso_sweep_20260503_231403_iso800_016.jpg,4,pifinder_iso_sweep_20260503_231403,iso_sweep,iso800,4080,3060,3.3162699588477365,5.0,6.0,0.0,66.27440329218108,6.297531130528205,612,50,205.62975311305283,False,,,,,,,,
G:\Mi unidad\01. Personal\12. AI Projects\PiFinder_movile_sensors\Test cam\4\pifinder_manual_burst_20260503_231356\pifinder_manual_burst_20260503_231356_iso3200_001.jpg,4,pifinder_manual_burst_20260503_231356,manual_burst,iso3200,4080,3060,11.430688065843622,14.0,16.0,0.0,0.0,14.114668916543208,347,15,118.91146689165431,False,,,,,,,,
G:\Mi unidad\01. Personal\12. AI Projects\PiFinder_movile_sensors\Test cam\4\pifinder_manual_burst_20260503_231356\pifinder_manual_burst_20260503_231356_iso3200_002.jpg,4,pifinder_manual_burst_20260503_231356,manual_burst,iso3200,4080,3060,11.508083950617284,14.0,16.0,0.0,0.0,14.514870398493455,329,16,121.45148703984934,False,,,,,,,,
G:\Mi unidad\01. Personal\12. AI Projects\PiFinder_movile_sensors\Test cam\4\pifinder_manual_burst_20260503_231356\pifinder_manual_burst_20260503_231356_iso3200_003.jpg,4,pifinder_manual_burst_20260503_231356,manual_burst,iso3200,4080,3060,11.51442304526749,14.0,16.0,0.0,0.0,14.69066732910227,408,14,116.46906673291022,False,,,,,,,,
G:\Mi unidad\01. Personal\12. AI Projects\PiFinder_movile_sensors\Test cam\4\pifinder_manual_burst_20260503_231356\pifinder_manual_burst_20260503_231356_iso3200_004.jpg,4,pifinder_manual_burst_20260503_231356,manual_burst,iso3200,4080,3060,11.575241152263375,14.0,16.0,0.0,0.0,14.879976128181003,373,11,108.9879976128181,False,,,,,,,,
G:\Mi unidad\01. Personal\12. AI Projects\PiFinder_movile_sensors\Test cam\4\pifinder_manual_burst_20260503_231356\pifinder_manual_burst_20260503_231356_iso3200_005.jpg,4,pifinder_manual_burst_20260503_231356,manual_burst,iso3200,4080,3060,11.466744032921811,14.0,16.0,0.0,0.0,14.69488839314874,371,14,116.46948883931488,False,,,,,,,,
G:\Mi unidad\01. Personal\12. AI Projects\PiFinder_movile_sensors\Test cam\4\pifinder_manual_burst_20260503_231356\pifinder_manual_burst_20260503_231356_iso3200_006.jpg,4,pifinder_manual_burst_20260503_231356,manual_burst,iso3200,4080,3060,11.591595061728395,14.0,16.0,0.0,0.0,14.731084151220848,404,15,118.97310841512208,False,,,,,,,,
G:\Mi unidad\01. Personal\12. AI Projects\PiFinder_movile_sensors\Test cam\4\pifinder_manual_burst_20260503_231356\pifinder_manual_burst_20260503_231356_iso3200_007.jpg,4,pifinder_manual_burst_20260503_231356,manual_burst,iso3200,4080,3060,11.574613991769548,14.0,16.0,0.0,0.0,14.42188740192044,369,13,113.94218874019204,False,,,,,,,,
G:\Mi unidad\01. Personal\12. AI Projects\PiFinder_movile_sensors\Test cam\4\pifinder_manual_burst_20260503_231356\pifinder_manual_burst_20260503_231356_iso3200_008.jpg,4,pifinder_manual_burst_20260503_231356,manual_burst,iso3200,4080,3060,11.585723456790124,14.0,16.0,0.0,0.0,14.516952677799118,406,16,121.45169526777991,False,,,,,,,,
G:\Mi unidad\01. Personal\12. AI Projects\PiFinder_movile_sensors\Test cam\4\pifinder_manual_burst_20260503_231356\pifinder_manual_burst_20260503_231356_iso3200_009.jpg,4,pifinder_manual_burst_20260503_231356,manual_burst,iso3200,4080,3060,11.589807407407408,14.0,16.0,0.0,0.0,14.586106399062473,409,15,118.95861063990625,False,,,,,,,,
G:\Mi unidad\01. Personal\12. AI Projects\PiFinder_movile_sensors\Test cam\4\pifinder_manual_burst_20260503_231356\pifinder_manual_burst_20260503_231356_iso3200_010.jpg,4,pifinder_manual_burst_20260503_231356,manual_burst,iso3200,4080,3060,11.577046913580247,14.0,16.0,0.0,0.0,14.570329365398907,430,16,121.45703293653989,False,,,,,,,,
G:\Mi unidad\01. Personal\12. AI Projects\PiFinder_movile_sensors\Test cam\4\pifinder_manual_burst_20260503_231356\pifinder_manual_burst_20260503_231356_iso3200_011.jpg,4,pifinder_manual_burst_20260503_231356,manual_burst,iso3200,4080,3060,11.666398353909464,14.0,16.0,0.0,0.0,14.572719118700741,452,12,111.45727191187008,False,,,,,,,,
G:\Mi unidad\01. Personal\12. AI Projects\PiFinder_movile_sensors\Test cam\4\pifinder_manual_burst_20260503_231356\pifinder_manual_burst_20260503_231356_iso3200_012.jpg,4,pifinder_manual_burst_20260503_231356,manual_burst,iso3200,4080,3060,11.580322633744856,14.0,16.0,0.0,0.0,14.651434334064254,353,13,113.96514343340642,False,,,,,,,,
G:\Mi unidad\01. Personal\12. AI Projects\PiFinder_movile_sensors\Test cam\4\pifinder_manual_burst_20260503_231356\pifinder_manual_burst_20260503_231356_iso3200_013.jpg,4,pifinder_manual_burst_20260503_231356,manual_burst,iso3200,4080,3060,11.610113580246914,14.0,16.0,0.0,0.0,14.678273749868753,390,18,126.46782737498688,False,,,,,,,,
G:\Mi unidad\01. Personal\12. AI Projects\PiFinder_movile_sensors\Test cam\4\pifinder_manual_burst_20260503_231356\pifinder_manual_burst_20260503_231356_iso3200_014.jpg,4,pifinder_manual_burst_20260503_231356,manual_burst,iso3200,4080,3060,11.602666666666666,14.0,16.0,0.0,0.0,14.696512881109587,360,15,118.96965128811095,False,,,,,,,,
G:\Mi unidad\01. Personal\12. AI Projects\PiFinder_movile_sensors\Test cam\4\pifinder_manual_burst_20260503_231356\pifinder_manual_burst_20260503_231356_iso3200_015.jpg,4,pifinder_manual_burst_20260503_231356,manual_burst,iso3200,4080,3060,11.582641975308642,14.0,16.0,0.0,0.0,14.561863256248877,378,11,108.95618632562488,False,,,,,,,,
G:\Mi unidad\01. Personal\12. AI Projects\PiFinder_movile_sensors\Test cam\4\pifinder_manual_burst_20260503_231356\pifinder_manual_burst_20260503_231356_iso3200_016.jpg,4,pifinder_manual_burst_20260503_231356,manual_burst,iso3200,4080,3060,11.567813991769547,14.0,16.0,0.0,0.0,14.681046149458245,431,12,111.46810461494583,False,,,,,,,,
G:\Mi unidad\01. Personal\12. AI Projects\PiFinder_movile_sensors\Test cam\4\pifinder_manual_burst_20260503_231356\pifinder_manual_burst_20260503_231356_iso3200_017.jpg,4,pifinder_manual_burst_20260503_231356,manual_burst,iso3200,4080,3060,11.660265020576132,14.0,16.0,0.0,0.0,14.958705095114905,450,17,123.99587050951149,False,,,,,,,,
G:\Mi unidad\01. Personal\12. AI Projects\PiFinder_movile_sensors\Test cam\4\pifinder_manual_burst_20260503_231356\pifinder_manual_burst_20260503_231356_iso3200_018.jpg,4,pifinder_manual_burst_20260503_231356,manual_burst,iso3200,4080,3060,11.543532510288065,14.0,16.0,0.0,0.0,14.592053862388187,363,13,113.95920538623882,False,,,,,,,,
G:\Mi unidad\01. Personal\12. AI Projects\PiFinder_movile_sensors\Test cam\4\pifinder_manual_burst_20260503_231356\pifinder_manual_burst_20260503_231356_iso3200_019.jpg,4,pifinder_manual_burst_20260503_231356,manual_burst,iso3200,4080,3060,11.55398353909465,14.0,16.0,0.0,0.0,14.61262478814815,362,11,108.96126247881482,False,,,,,,,,
G:\Mi unidad\01. Personal\12. AI Projects\PiFinder_movile_sensors\Test cam\4\pifinder_manual_burst_20260503_231356\pifinder_manual_burst_20260503_231356_iso3200_020.jpg,4,pifinder_manual_burst_20260503_231356,manual_burst,iso3200,4080,3060,11.56634732510288,14.0,16.0,0.0,0.0,14.763777103406323,371,14,116.47637771034063,False,,,,,,,,
G:\Mi unidad\01. Personal\12. AI Projects\PiFinder_movile_sensors\Test cam\4\pifinder_manual_burst_20260503_231356\pifinder_manual_burst_20260503_231356_iso3200_021.jpg,4,pifinder_manual_burst_20260503_231356,manual_burst,iso3200,4080,3060,11.597007407407407,14.0,16.0,0.0,0.0,14.715897893342817,415,9,103.97158978933429,False,,,,,,,,
G:\Mi unidad\01. Personal\12. AI Projects\PiFinder_movile_sensors\Test cam\4\pifinder_manual_burst_20260503_231356\pifinder_manual_burst_20260503_231356_iso3200_022.jpg,4,pifinder_manual_burst_20260503_231356,manual_burst,iso3200,4080,3060,11.565512757201645,14.0,16.0,0.0,0.0,14.68981453226981,436,12,111.46898145322699,False,,,,,,,,
G:\Mi unidad\01. Personal\12. AI Projects\PiFinder_movile_sensors\Test cam\4\pifinder_manual_burst_20260503_231356\pifinder_manual_burst_20260503_231356_iso3200_023.jpg,4,pifinder_manual_burst_20260503_231356,manual_burst,iso3200,4080,3060,11.633195061728395,14.0,16.0,0.0,0.0,15.044578929664517,399,13,114.00445789296646,False,,,,,,,,
G:\Mi unidad\01. Personal\12. AI Projects\PiFinder_movile_sensors\Test cam\4\pifinder_manual_burst_20260503_231356\pifinder_manual_burst_20260503_231356_iso3200_024.jpg,4,pifinder_manual_burst_20260503_231356,manual_burst,iso3200,4080,3060,11.570958024691357,14.0,16.0,0.0,0.0,14.388430530261987,363,14,116.4388430530262,False,,,,,,,,
G:\Mi unidad\01. Personal\12. AI Projects\PiFinder_movile_sensors\Test cam\4\pifinder_manual_burst_20260503_231356\pifinder_manual_burst_20260503_231356_iso3200_025.jpg,4,pifinder_manual_burst_20260503_231356,manual_burst,iso3200,4080,3060,11.617530864197532,14.0,16.0,0.0,0.0,14.657891134113024,399,12,111.4657891134113,False,,,,,,,,
G:\Mi unidad\01. Personal\12. AI Projects\PiFinder_movile_sensors\Test cam\4\pifinder_manual_burst_20260503_231356\pifinder_manual_burst_20260503_231356_iso3200_026.jpg,4,pifinder_manual_burst_20260503_231356,manual_burst,iso3200,4080,3060,11.673386008230453,14.0,16.0,0.0,0.0,14.813100349605243,434,13,113.98131003496053,False,,,,,,,,
G:\Mi unidad\01. Personal\12. AI Projects\PiFinder_movile_sensors\Test cam\4\pifinder_manual_burst_20260503_231356\pifinder_manual_burst_20260503_231356_iso3200_027.jpg,4,pifinder_manual_burst_20260503_231356,manual_burst,iso3200,4080,3060,11.676982716049382,14.0,16.0,0.0,0.0,14.596659241237617,456,13,113.95966592412375,False,,,,,,,,
G:\Mi unidad\01. Personal\12. AI Projects\PiFinder_movile_sensors\Test cam\4\pifinder_manual_burst_20260503_231356\pifinder_manual_burst_20260503_231356_iso3200_028.jpg,4,pifinder_manual_burst_20260503_231356,manual_burst,iso3200,4080,3060,11.68603621399177,14.0,16.0,0.0,0.0,14.488564737811648,459,13,113.94885647378116,False,,,,,,,,
G:\Mi unidad\01. Personal\12. AI Projects\PiFinder_movile_sensors\Test cam\4\pifinder_manual_burst_20260503_231356\pifinder_manual_burst_20260503_231356_iso3200_029.jpg,4,pifinder_manual_burst_20260503_231356,manual_burst,iso3200,4080,3060,11.636776954732511,14.0,16.0,0.0,0.0,14.908362285868344,383,13,113.99083622858683,False,,,,,,,,
G:\Mi unidad\01. Personal\12. AI Projects\PiFinder_movile_sensors\Test cam\4\pifinder_manual_burst_20260503_231356\pifinder_manual_burst_20260503_231356_iso3200_030.jpg,4,pifinder_manual_burst_20260503_231356,manual_burst,iso3200,4080,3060,11.71031769547325,14.0,16.0,0.0,0.0,14.693423643498788,449,12,111.46934236434988,False,,,,,,,,
